ID,DACP_Idnumber,DACP_name,MHI_e,MHI_me
1600000US0600135,600135,"Acalanes Ridge CDP, California",187604,87755
1600000US0600156,600156,"Acampo CDP, California",155385,48595
1600000US0600212,600212,"Acton CDP, California",91168,6304
1600000US0600296,600296,"Adelanto city, California",29647,3664
1600000US0600310,600310,"Adin CDP, California",55625,15484
1600000US0600394,600394,"Agoura Hills city, California",114313,7305
1600000US0600450,600450,"Agua Dulce CDP, California",104861,16653
1600000US0600464,600464,"Aguanga CDP, California",43750,20040
1600000US0600478,600478,"Ahwahnee CDP, California",64049,5622
1600000US0600535,600535,"Airport CDP, California",29868,10823
1600000US0600562,600562,"Alameda city, California",83048,2615
1600000US0600618,600618,"Alamo CDP, California",171767,14431
1600000US0600674,600674,"Albany city, California",85458,4077
1600000US0600716,600716,"Albion CDP, California",-,**
1600000US0600786,600786,"Alderpoint CDP, California",-,**
1600000US0600884,600884,"Alhambra city, California",53138,2660
1600000US0600898,600898,"Alhambra Valley CDP, California",156250,59494
1600000US0600947,600947,"Aliso Viejo city, California",103261,3288
1600000US0600982,600982,"Alleghany CDP, California",-,**
1600000US0600996,600996,"Allendale CDP, California",135161,18633
1600000US0601010,601010,"Allensworth CDP, California",29091,12602
1600000US0601094,601094,"Almanor CDP, California",-,**
1600000US0601150,601150,"Alondra Park CDP, California",57406,10738
1600000US0601164,601164,"Alpaugh CDP, California",38750,12922
1600000US0601192,601192,"Alpine CDP, California",79444,14671
1600000US0601228,601228,"Alpine Village CDP, California",68500,61294
1600000US0601276,601276,"Alta CDP, California",58438,13572
1600000US0601290,601290,"Altadena CDP, California",88236,4524
1600000US0601360,601360,"Alta Sierra CDP, California",64860,13563
1600000US0601416,601416,"Alto CDP, California",83417,57663
1600000US0601444,601444,"Alturas city, California",29839,8145
1600000US0601458,601458,"Alum Rock CDP, California",72079,5660
1600000US0601514,601514,"Amador City city, California",47813,28641
1600000US0601640,601640,"American Canyon city, California",83673,3075
1600000US0601651,601651,"Amesti CDP, California",54485,8477
1600000US0602000,602000,"Anaheim city, California",61826,1283
1600000US0602028,602028,"Anchor Bay CDP, California",62917,45980
1600000US0602042,602042,"Anderson city, California",35216,3711
1600000US0602112,602112,"Angels city, California",51858,15520
1600000US0602168,602168,"Angwin CDP, California",65656,6696
1600000US0602210,602210,"Antelope CDP, California",65861,3505
1600000US0602252,602252,"Antioch city, California",65530,2784
1600000US0602294,602294,"Anza CDP, California",29129,14118
1600000US0602364,602364,"Apple Valley town, California",47433,2707
1600000US0602378,602378,"Aptos CDP, California",81435,10893
1600000US0602382,602382,"Aptos Hills-Larkin Valley CDP, California",102885,14244
1600000US0602420,602420,"Arbuckle CDP, California",56824,10820
1600000US0602462,602462,"Arcadia city, California",83958,3531
1600000US0602476,602476,"Arcata city, California",31180,2894
1600000US0602553,602553,"Arden-Arcade CDP, California",46617,2054
1600000US0602700,602700,"Armona CDP, California",44038,9427
1600000US0602770,602770,"Arnold CDP, California",50592,11553
1600000US0602812,602812,"Aromas CDP, California",84609,32143
1600000US0602868,602868,"Arroyo Grande city, California",64261,6123
1600000US0602896,602896,"Artesia city, California",58651,8072
1600000US0602910,602910,"Artois CDP, California",42337,30718
1600000US0602924,602924,"Arvin city, California",36524,1501
1600000US0602980,602980,"Ashland CDP, California",47437,4099
1600000US0603026,603026,"Aspen Springs CDP, California",-,**
1600000US0603064,603064,"Atascadero city, California",69587,4045
1600000US0603092,603092,"Atherton town, California","250,000+",***
1600000US0603162,603162,"Atwater city, California",45800,4187
1600000US0603190,603190,"Auberry CDP, California",46705,14393
1600000US0603204,603204,"Auburn city, California",54227,5508
1600000US0603205,603205,"Auburn Lake Trails CDP, California",99543,11365
1600000US0603209,603209,"August CDP, California",31194,5480
1600000US0603274,603274,"Avalon city, California",62054,8755
1600000US0603302,603302,"Avenal city, California",35103,3926
1600000US0603316,603316,"Avery CDP, California",52404,37999
1600000US0603330,603330,"Avila Beach CDP, California",96646,27318
1600000US0603344,603344,"Avocado Heights CDP, California",71799,6261
1600000US0603386,603386,"Azusa city, California",56569,2894
1600000US0603512,603512,"Baker CDP, California",34231,10947
1600000US0603526,603526,"Bakersfield city, California",58669,1399
1600000US0603666,603666,"Baldwin Park city, California",53651,1647
1600000US0603694,603694,"Ballard CDP, California",109375,32716
1600000US0603708,603708,"Ballico CDP, California",31786,23082
1600000US0603792,603792,"Bangor CDP, California",51250,23924
1600000US0603820,603820,"Banning city, California",40627,2569
1600000US0604030,604030,"Barstow city, California",37085,4079
1600000US0604198,604198,"Bass Lake CDP, California",36292,16792
1600000US0604415,604415,"Bay Point CDP, California",47336,5308
1600000US0604470,604470,"Bayview CDP (Contra Costa County), California",79338,14744
1600000US0604478,604478,"Bayview CDP (Humboldt County), California",37109,6237
1600000US0604576,604576,"Beale AFB CDP, California",38170,5853
1600000US0604632,604632,"Bear Creek CDP, California",33042,30584
1600000US0604716,604716,"Bear Valley CDP (Alpine County), California",-,**
1600000US0604730,604730,"Bear Valley CDP (Mariposa County), California",44688,34803
1600000US0604734,604734,"Bear Valley Springs CDP, California",82528,11624
1600000US0604758,604758,"Beaumont city, California",68369,3112
1600000US0604772,604772,"Beckwourth CDP, California",68529,61024
1600000US0604856,604856,"Belden CDP, California",-,**
1600000US0604870,604870,"Bell city, California",38823,2170
1600000US0604926,604926,"Bella Vista CDP, California",51625,6323
1600000US0604938,604938,"Bell Canyon CDP, California",201875,35230
1600000US0604982,604982,"Bellflower city, California",50704,1721
1600000US0604996,604996,"Bell Gardens city, California",37183,1615
1600000US0605108,605108,"Belmont city, California",120169,6271
1600000US0605164,605164,"Belvedere city, California",178750,32627
1600000US0605262,605262,"Benbow CDP, California",45795,20546
1600000US0605276,605276,"Bend CDP, California",49375,8708
1600000US0605290,605290,"Benicia city, California",87011,5834
1600000US0605332,605332,"Ben Lomond CDP, California",68679,9704
1600000US0605346,605346,"Benton CDP, California",38333,27543
1600000US0606000,606000,"Berkeley city, California",70393,3036
1600000US0606028,606028,"Bermuda Dunes CDP, California",57569,6873
1600000US0606070,606070,"Berry Creek CDP, California",36912,6076
1600000US0606150,606150,"Bertsch-Oceanview CDP, California",32218,8127
1600000US0606210,606210,"Bethel Island CDP, California",35814,9573
1600000US0606308,606308,"Beverly Hills city, California",100630,6282
1600000US0606336,606336,"Bieber CDP, California",40417,31739
1600000US0606406,606406,"Big Bear City CDP, California",45684,4772
1600000US0606434,606434,"Big Bear Lake city, California",46655,6918
1600000US0606475,606475,"Big Bend CDP, California",16750,12372
1600000US0606518,606518,"Big Creek CDP, California",84306,11495
1600000US0606560,606560,"Biggs city, California",45833,13220
1600000US0606567,606567,"Big Lagoon CDP, California",64821,32999
1600000US0606616,606616,"Big Pine CDP, California",51188,9140
1600000US0606635,606635,"Big River CDP, California",29241,4001
1600000US0606728,606728,"Biola CDP, California",34911,16577
1600000US0606798,606798,"Bishop city, California",40182,8310
1600000US0606928,606928,"Blackhawk CDP, California",180515,29531
1600000US0606935,606935,"Blacklake CDP, California",71029,37984
1600000US0606982,606982,"Black Point-Green Point CDP, California",136111,26651
1600000US0606994,606994,"Blairsden CDP, California",-,**
1600000US0607036,607036,"Bloomfield CDP, California",81397,67497
1600000US0607064,607064,"Bloomington CDP, California",49205,2346
1600000US0607162,607162,"Blue Lake city, California",49737,15174
1600000US0607172,607172,"Bluewater CDP, California",40833,22960
1600000US0607218,607218,"Blythe city, California",40448,3532
1600000US0607246,607246,"Bodega CDP, California",-,**
1600000US0607260,607260,"Bodega Bay CDP, California",128625,78382
1600000US0607274,607274,"Bodfish CDP, California",26004,10464
1600000US0607316,607316,"Bolinas CDP, California",67300,31164
1600000US0607372,607372,"Bombay Beach CDP, California",14803,4290
1600000US0607379,607379,"Bonadelle Ranchos-Madera Ranchos CDP, California",78194,4123
1600000US0607414,607414,"Bonita CDP, California",90598,10875
1600000US0607470,607470,"Bonny Doon CDP, California",91394,8339
1600000US0607498,607498,"Bonsall CDP, California",78493,8292
1600000US0607512,607512,"Boonville CDP, California",36979,6959
1600000US0607525,607525,"Bootjack CDP, California",43750,14118
1600000US0607568,607568,"Boron CDP, California",29896,17029
1600000US0607578,607578,"Boronda CDP, California",33712,18100
1600000US0607596,607596,"Borrego Springs CDP, California",34046,16751
1600000US0607624,607624,"Bostonia CDP, California",41769,4294
1600000US0607652,607652,"Boulder Creek CDP, California",81731,10683
1600000US0607694,607694,"Boulevard CDP, California",-,**
1600000US0607750,607750,"Bowles CDP, California",-,**
1600000US0607848,607848,"Boyes Hot Springs CDP, California",67983,17984
1600000US0607946,607946,"Bradbury city, California",130625,43878
1600000US0607974,607974,"Bradley CDP, California",54375,44889
1600000US0608058,608058,"Brawley city, California",40745,4544
1600000US0608100,608100,"Brea city, California",85555,4219
1600000US0608142,608142,"Brentwood city, California",94130,4854
1600000US0608172,608172,"Bret Harte CDP, California",30089,7903
1600000US0608240,608240,"Bridgeport CDP, California",49776,36921
1600000US0608310,608310,"Brisbane city, California",91127,14873
1600000US0608338,608338,"Broadmoor CDP, California",99512,18175
1600000US0608478,608478,"Brookdale CDP, California",66436,32621
1600000US0608530,608530,"Brooktrails CDP, California",46636,13552
1600000US0608680,608680,"Buckhorn CDP, California",45357,14778
1600000US0608716,608716,"Buck Meadows CDP, California",-,**
1600000US0608744,608744,"Bucks Lake CDP, California",-,**
1600000US0608758,608758,"Buellton city, California",71932,20578
1600000US0608786,608786,"Buena Park city, California",70341,3357
1600000US0608828,608828,"Buena Vista CDP, California",59500,27438
1600000US0608954,608954,"Burbank city, California",67317,2731
1600000US0608968,608968,"Burbank CDP, California",67177,7995
1600000US0609066,609066,"Burlingame city, California",102443,10182
1600000US0609122,609122,"Burney CDP, California",33750,5570
1600000US0609150,609150,"Burnt Ranch CDP, California",55972,20172
1600000US0609310,609310,"Butte Creek Canyon CDP, California",87651,49422
1600000US0609318,609318,"Butte Meadows CDP, California",-,**
1600000US0609324,609324,"Butte Valley CDP, California",59432,44987
1600000US0609332,609332,"Buttonwillow CDP, California",34352,6091
1600000US0609346,609346,"Byron CDP, California",58125,25604
1600000US0609353,609353,"Bystrom CDP, California",31311,7874
1600000US0609360,609360,"Cabazon CDP, California",33890,5389
1600000US0609598,609598,"Calabasas city, California",111111,12311
1600000US0609710,609710,"Calexico city, California",34734,4463
1600000US0609780,609780,"California City city, California",48776,8232
1600000US0609822,609822,"California Hot Springs CDP, California",-,**
1600000US0609834,609834,"California Pines CDP, California",-,**
1600000US0609864,609864,"Calimesa city, California",46070,4432
1600000US0609878,609878,"Calipatria city, California",34800,7294
1600000US0609892,609892,"Calistoga city, California",60534,15885
1600000US0609948,609948,"Callender CDP, California",80240,7495
1600000US0609990,609990,"Calpella CDP, California",53250,22714
1600000US0610004,610004,"Calpine CDP, California",-,**
1600000US0610032,610032,"Calwa CDP, California",35000,26680
1600000US0610042,610042,"Camanche North Shore CDP, California",65565,24329
1600000US0610044,610044,"Camanche Village CDP, California",75463,11071
1600000US0610046,610046,"Camarillo city, California",88125,3830
1600000US0610074,610074,"Cambria CDP, California",59657,4961
1600000US0610088,610088,"Cambrian Park CDP, California",106037,17510
1600000US0610256,610256,"Cameron Park CDP, California",74564,4177
1600000US0610270,610270,"Camino CDP, California",74183,8820
1600000US0610301,610301,"Camino Tassajara CDP, California",175382,31563
1600000US0610345,610345,"Campbell city, California",103704,3512
1600000US0610494,610494,"Camp Nelson CDP, California",-,**
1600000US0610508,610508,"Campo CDP, California",54632,13954
1600000US0610559,610559,"Camp Pendleton North CDP, California",38789,8994
1600000US0610561,610561,"Camp Pendleton South CDP, California",42212,4964
1600000US0610676,610676,"Camptonville CDP, California",42500,24653
1600000US0610732,610732,"Canby CDP, California",42250,7130
1600000US0610816,610816,"Cantua Creek CDP, California",32368,7505
1600000US0610914,610914,"Canyondam CDP, California",-,**
1600000US0610928,610928,"Canyon Lake city, California",84015,7703
1600000US0611040,611040,"Capitola city, California",73935,4134
1600000US0611166,611166,"Caribou CDP, California",-,**
1600000US0611194,611194,"Carlsbad city, California",97145,4338
1600000US0611250,611250,"Carmel-by-the-Sea city, California",81607,18668
1600000US0611324,611324,"Carmel Valley Village CDP, California",90813,17586
1600000US0611376,611376,"Carmet CDP, California",-,**
1600000US0611390,611390,"Carmichael CDP, California",58300,2456
1600000US0611418,611418,"Carnelian Bay CDP, California",94375,44218
1600000US0611446,611446,"Carpinteria city, California",72901,12285
1600000US0611481,611481,"Carrick CDP, California",-,**
1600000US0611530,611530,"Carson city, California",73829,3039
1600000US0611600,611600,"Cartago CDP, California",-,**
1600000US0611614,611614,"Caruthers CDP, California",44649,7714
1600000US0611656,611656,"Casa Conejo CDP, California",96932,8987
1600000US0611691,611691,"Casa de Oro-Mount Helix CDP, California",81238,4922
1600000US0611754,611754,"Casmalia CDP, California",71607,16311
1600000US0611768,611768,"Caspar CDP, California",54766,23029
1600000US0611782,611782,"Cassel CDP, California",32600,23920
1600000US0611796,611796,"Castaic CDP, California",107200,4705
1600000US0611915,611915,"Castle Hill CDP, California",158125,95811
1600000US0611964,611964,"Castro Valley CDP, California",87204,5108
1600000US0611978,611978,"Castroville CDP, California",50949,5885
1600000US0612048,612048,"Cathedral City city, California",41696,1994
1600000US0612062,612062,"Catheys Valley CDP, California",57163,9682
1600000US0612132,612132,"Cayucos CDP, California",58365,6720
1600000US0612146,612146,"Cazadero CDP, California",41250,17957
1600000US0612300,612300,"Cedar Ridge CDP, California",55662,10301
1600000US0612314,612314,"Cedar Slope CDP, California",-,**
1600000US0612328,612328,"Cedarville CDP, California",31250,22641
1600000US0612412,612412,"Centerville CDP, California",53750,50947
1600000US0612524,612524,"Ceres city, California",49518,2535
1600000US0612552,612552,"Cerritos city, California",95373,4639
1600000US0612594,612594,"Chalfant CDP, California",67386,38118
1600000US0612612,612612,"Challenge-Brownsville CDP, California",53088,26307
1600000US0612669,612669,"Channel Islands Beach CDP, California",101007,25026
1600000US0612734,612734,"Charter Oak CDP, California",67375,9654
1600000US0612818,612818,"Cherokee CDP, California",-,**
1600000US0612860,612860,"Cherokee Strip CDP, California",51250,17846
1600000US0612902,612902,"Cherryland CDP, California",54719,4910
1600000US0612916,612916,"Cherry Valley CDP, California",49777,7550
1600000US0612930,612930,"Chester CDP, California",48924,5320
1600000US0613014,613014,"Chico city, California",43148,1774
1600000US0613077,613077,"Chilcoot-Vinton CDP, California",-,**
1600000US0613157,613157,"China Lake Acres CDP, California",38229,27295
1600000US0613182,613182,"Chinese Camp CDP, California",-,**
1600000US0613210,613210,"Chino city, California",72832,2107
1600000US0613214,613214,"Chino Hills city, California",97222,4426
1600000US0613294,613294,"Chowchilla city, California",35903,4119
1600000US0613364,613364,"Chualar CDP, California",54306,15300
1600000US0613392,613392,"Chula Vista city, California",66956,2157
1600000US0613560,613560,"Citrus CDP, California",63318,6648
1600000US0613588,613588,"Citrus Heights city, California",51715,1296
1600000US0613756,613756,"Claremont city, California",94005,8779
1600000US0613784,613784,"Clarksburg CDP, California",74435,30205
1600000US0613854,613854,"Clay CDP, California",67305,11896
1600000US0613882,613882,"Clayton city, California",136946,7024
1600000US0613910,613910,"Clear Creek CDP, California",-,**
1600000US0613945,613945,"Clearlake city, California",25426,1355
1600000US0613966,613966,"Clearlake Oaks CDP, California",29280,4718
1600000US0613985,613985,"Clearlake Riviera CDP, California",41731,20391
1600000US0614008,614008,"Cleone CDP, California",39444,13330
1600000US0614106,614106,"Clio CDP, California",-,**
1600000US0614148,614148,"Clipper Mills CDP, California",-,**
1600000US0614190,614190,"Cloverdale city, California",64144,7407
1600000US0614218,614218,"Clovis city, California",64640,2525
1600000US0614232,614232,"Clyde CDP, California",-,**
1600000US0614260,614260,"Coachella city, California",36124,2197
1600000US0614274,614274,"Coalinga city, California",51265,8882
1600000US0614288,614288,"Coarsegold CDP, California",37500,29888
1600000US0614302,614302,"Cobb CDP, California",80726,17089
1600000US0614406,614406,"Coffee Creek CDP, California",51250,13851
1600000US0614442,614442,"Cohasset CDP, California",60902,17475
1600000US0614450,614450,"Cold Springs CDP (El Dorado County), California",57250,34783
1600000US0614454,614454,"Cold Springs CDP (Tuolumne County), California",39417,36952
1600000US0614484,614484,"Coleville CDP, California",-,**
1600000US0614498,614498,"Colfax city, California",44004,4513
1600000US0614554,614554,"College City CDP, California",73214,36470
1600000US0614708,614708,"Collierville CDP, California",49841,7017
1600000US0614736,614736,"Colma town, California",92589,22663
1600000US0614764,614764,"Coloma CDP, California",77424,31995
1600000US0614890,614890,"Colton city, California",43966,2928
1600000US0614904,614904,"Columbia CDP, California",43250,11465
1600000US0614946,614946,"Colusa city, California",48877,4066
1600000US0614974,614974,"Commerce city, California",42235,3596
1600000US0615030,615030,"Comptche CDP, California",-,**
1600000US0615044,615044,"Compton city, California",45406,1799
1600000US0616000,616000,"Concord city, California",71477,1893
1600000US0616035,616035,"Concow CDP, California",38393,6332
1600000US0616090,616090,"Contra Costa Centre CDP, California",92906,11711
1600000US0616210,616210,"Copperopolis CDP, California",65500,17011
1600000US0616224,616224,"Corcoran city, California",35531,3660
1600000US0616322,616322,"Corning city, California",31333,10241
1600000US0616350,616350,"Corona city, California",72309,1908
1600000US0616378,616378,"Coronado city, California",92413,4915
1600000US0616420,616420,"Coronita CDP, California",83875,20030
1600000US0616434,616434,"Corralitos CDP, California",115244,24299
1600000US0616462,616462,"Corte Madera town, California",125915,11134
1600000US0616532,616532,"Costa Mesa city, California",70438,2818
1600000US0616560,616560,"Cotati city, California",64754,9568
1600000US0616580,616580,"Coto de Caza CDP, California",165046,15076
1600000US0616630,616630,"Cottonwood CDP, California",38556,12018
1600000US0616644,616644,"Coulterville CDP, California",-,**
1600000US0616651,616651,"Country Club CDP, California",43964,3406
1600000US0616714,616714,"Courtland CDP, California",76528,58821
1600000US0616728,616728,"Covelo CDP, California",30380,6781
1600000US0616742,616742,"Covina city, California",65451,4503
1600000US0616762,616762,"Cowan CDP, California",-,**
1600000US0617022,617022,"Crescent City city, California",27569,3552
1600000US0617050,617050,"Crescent Mills CDP, California",-,**
1600000US0617078,617078,"Cressey CDP, California",53229,24753
1600000US0617106,617106,"Crest CDP, California",70150,16132
1600000US0617162,617162,"Crestline CDP, California",49986,10229
1600000US0617232,617232,"Creston CDP, California",-,**
1600000US0617267,617267,"C-Road CDP, California",80500,32059
1600000US0617274,617274,"Crockett CDP, California",78750,19137
1600000US0617288,617288,"Cromberg CDP, California",35417,21711
1600000US0617372,617372,"Crowley Lake CDP, California",76250,39289
1600000US0617428,617428,"Crows Landing CDP, California",26786,9358
1600000US0617498,617498,"Cudahy city, California",39058,1968
1600000US0617568,617568,"Culver City city, California",82000,5270
1600000US0617610,617610,"Cupertino city, California",147929,8389
1600000US0617708,617708,"Cutler CDP, California",29655,5407
1600000US0617722,617722,"Cutten CDP, California",44914,14837
1600000US0617727,617727,"Cuyama CDP, California",26346,1324
1600000US0617750,617750,"Cypress city, California",84469,3836
1600000US0617918,617918,"Daly City city, California",79346,3073
1600000US0617946,617946,"Dana Point city, California",83913,5079
1600000US0617988,617988,"Danville town, California",146603,8731
1600000US0617995,617995,"Daphnedale Park CDP, California",49083,23078
1600000US0618030,618030,"Darwin CDP, California",-,**
1600000US0618086,618086,"Davenport CDP, California",55000,23179
1600000US0618100,618100,"Davis city, California",57683,4938
1600000US0618153,618153,"Day Valley CDP, California",80227,20677
1600000US0618324,618324,"Deer Park CDP, California",69821,34989
1600000US0618352,618352,"Del Aire CDP, California",77170,12592
1600000US0618394,618394,"Delano city, California",36265,2596
1600000US0618450,618450,"Delft Colony CDP, California",-,**
1600000US0618464,618464,"Delhi CDP, California",48740,5261
1600000US0618485,618485,"Delleker CDP, California",30855,12491
1600000US0618506,618506,"Del Mar city, California",108556,20949
1600000US0618590,618590,"Del Monte Forest CDP, California",105208,32002
1600000US0618674,618674,"Del Rey CDP, California",25809,8670
1600000US0618688,618688,"Del Rey Oaks city, California",86806,14125
1600000US0618695,618695,"Del Rio CDP, California",122331,54253
1600000US0618856,618856,"Denair CDP, California",58431,9684
1600000US0618926,618926,"Derby Acres CDP, California",51875,28063
1600000US0618940,618940,"Descanso CDP, California",78750,21757
1600000US0618982,618982,"Desert Center CDP, California",57679,55212
1600000US0618986,618986,"Desert Edge CDP, California",25794,5152
1600000US0618996,618996,"Desert Hot Springs city, California",34059,2280
1600000US0619022,619022,"Desert Palms CDP, California",55052,9983
1600000US0619024,619024,"Desert Shores CDP, California",32733,18083
1600000US0619052,619052,"Desert View Highlands CDP, California",48750,15791
1600000US0619150,619150,"Diablo CDP, California",169211,117007
1600000US0619155,619155,"Diablo Grande CDP, California",100000,30703
1600000US0619192,619192,"Diamond Bar city, California",89845,5203
1600000US0619220,619220,"Diamond Springs CDP, California",57978,9522
1600000US0619262,619262,"Dillon Beach CDP, California",77857,76881
1600000US0619318,619318,"Dinuba city, California",38008,2669
1600000US0619339,619339,"Discovery Bay CDP, California",106367,8552
1600000US0619402,619402,"Dixon city, California",72383,5294
1600000US0619406,619406,"Dixon Lane-Meadow Creek CDP, California",48611,11540
1600000US0619416,619416,"Dobbins CDP, California",31397,21494
1600000US0619440,619440,"Dogtown CDP, California",75000,16795
1600000US0619455,619455,"Dollar Point CDP, California",69265,10184
1600000US0619570,619570,"Dorrington CDP, California",39464,31552
1600000US0619584,619584,"Dorris city, California",28963,1836
1600000US0619612,619612,"Dos Palos city, California",36509,5651
1600000US0619654,619654,"Dos Palos Y CDP, California",16656,1119
1600000US0619724,619724,"Douglas City CDP, California",34808,12854
1600000US0619766,619766,"Downey city, California",65332,3058
1600000US0619794,619794,"Downieville CDP, California",43125,38555
1600000US0619878,619878,"Doyle CDP, California",28393,20481
1600000US0619976,619976,"Drytown CDP, California",-,**
1600000US0619990,619990,"Duarte city, California",65571,6353
1600000US0620018,620018,"Dublin city, California",128403,3094
1600000US0620032,620032,"Ducor CDP, California",30288,7982
1600000US0620228,620228,"Dunnigan CDP, California",49700,8067
1600000US0620242,620242,"Dunsmuir city, California",32557,8317
1600000US0620270,620270,"Durham CDP, California",71856,17262
1600000US0620284,620284,"Dustin Acres CDP, California",58403,18746
1600000US0620298,620298,"Dutch Flat CDP, California",46750,19290
1600000US0620424,620424,"Eagleville CDP, California",70500,52699
1600000US0620438,620438,"Earlimart CDP, California",23561,3581
1600000US0620598,620598,"East Foothills CDP, California",144479,19168
1600000US0620697,620697,"East Hemet CDP, California",49831,3568
1600000US0620802,620802,"East Los Angeles CDP, California",41193,1153
1600000US0620900,620900,"East Nicolaus CDP, California",27083,23683
1600000US0620907,620907,"East Oakdale CDP, California",108292,14163
1600000US0620928,620928,"Easton CDP, California",54716,21458
1600000US0620942,620942,"East Orosi CDP, California",32313,8172
1600000US0620956,620956,"East Palo Alto city, California",55170,2969
1600000US0620984,620984,"East Pasadena CDP, California",90339,20767
1600000US0621012,621012,"East Porterville CDP, California",32715,3415
1600000US0621026,621026,"East Quincy CDP, California",46809,8771
1600000US0621034,621034,"East Rancho Dominguez CDP, California",45854,3556
1600000US0621061,621061,"East Richmond Heights CDP, California",70299,4998
1600000US0621096,621096,"East San Gabriel CDP, California",70339,7706
1600000US0621138,621138,"East Shore CDP, California",61000,29906
1600000US0621188,621188,"East Sonora CDP, California",39583,11070
1600000US0621210,621210,"East Tulare Villa CDP, California",52083,10800
1600000US0621230,621230,"Eastvale city, California",104940,6544
1600000US0621292,621292,"East Whittier CDP, California",69676,5413
1600000US0621530,621530,"Edgewood CDP, California",78333,68334
1600000US0621558,621558,"Edmundson Acres CDP, California",45000,25429
1600000US0621565,621565,"Edna CDP, California",68125,61536
1600000US0621600,621600,"Edwards AFB CDP, California",59706,12834
1600000US0621712,621712,"El Cajon city, California",46374,1797
1600000US0621782,621782,"El Centro city, California",41849,3852
1600000US0621796,621796,"El Cerrito city, California",92670,5030
1600000US0621810,621810,"El Cerrito CDP, California",67857,17103
1600000US0621880,621880,"El Dorado Hills CDP, California",125489,7125
1600000US0621894,621894,"Eldridge CDP, California",84861,36188
1600000US0621936,621936,"El Granada CDP, California",125896,20867
1600000US0621964,621964,"Elizabeth Lake CDP, California",54349,12089
1600000US0622006,622006,"Elk Creek CDP, California",39167,4434
1600000US0622020,622020,"Elk Grove city, California",83141,1927
1600000US0622034,622034,"Elkhorn CDP, California",103750,52317
1600000US0622146,622146,"Elmira CDP, California",60833,48611
1600000US0622230,622230,"El Monte city, California",40654,1127
1600000US0622286,622286,"El Nido CDP, California",31957,5349
1600000US0622300,622300,"El Paso de Robles (Paso Robles) city, California",61682,3688
1600000US0622328,622328,"El Portal CDP, California",96696,21225
1600000US0622360,622360,"El Rancho CDP, California",-,**
1600000US0622370,622370,"El Rio CDP, California",62542,10352
1600000US0622412,622412,"El Segundo city, California",91623,6575
1600000US0622454,622454,"El Sobrante CDP (Contra Costa County), California",67175,5872
1600000US0622457,622457,"El Sobrante CDP (Riverside County), California",106219,8139
1600000US0622510,622510,"El Verano CDP, California",74870,19602
1600000US0622524,622524,"Elverta CDP, California",54744,10328
1600000US0622587,622587,"Emerald Lake Hills CDP, California",171522,22644
1600000US0622594,622594,"Emeryville city, California",74295,6542
1600000US0622622,622622,"Empire CDP, California",35519,8721
1600000US0622678,622678,"Encinitas city, California",100698,5669
1600000US0622790,622790,"Escalon city, California",65258,13278
1600000US0622804,622804,"Escondido city, California",54268,1939
1600000US0622846,622846,"Esparto CDP, California",61607,10743
1600000US0622972,622972,"Etna city, California",36548,6009
1600000US0623000,623000,"Eucalyptus Hills CDP, California",80819,15668
1600000US0623042,623042,"Eureka city, California",39063,2708
1600000US0623126,623126,"Exeter city, California",42590,4309
1600000US0623150,623150,"Fairbanks Ranch CDP, California",134250,65795
1600000US0623168,623168,"Fairfax town, California",99438,15495
1600000US0623182,623182,"Fairfield city, California",69396,2789
1600000US0623196,623196,"Fairhaven CDP, California",53500,35628
1600000US0623210,623210,"Fairmead CDP, California",31773,5242
1600000US0623294,623294,"Fair Oaks CDP, California",73718,3593
1600000US0623350,623350,"Fairview CDP, California",91071,13318
1600000US0623462,623462,"Fallbrook CDP, California",53106,3254
1600000US0623532,623532,"Fall River Mills CDP, California",-,**
1600000US0623616,623616,"Farmersville city, California",33689,3528
1600000US0623630,623630,"Farmington CDP, California",-,**
1600000US0623812,623812,"Fellows CDP, California",75417,51722
1600000US0623826,623826,"Felton CDP, California",95260,19016
1600000US0623910,623910,"Ferndale city, California",41042,7555
1600000US0623973,623973,"Fetters Hot Springs-Agua Caliente CDP, California",53107,14020
1600000US0623980,623980,"Fiddletown CDP, California",61827,39238
1600000US0624008,624008,"Fieldbrook CDP, California",61500,7195
1600000US0624022,624022,"Fields Landing CDP, California",-,**
1600000US0624092,624092,"Fillmore city, California",55512,7769
1600000US0624134,624134,"Firebaugh city, California",36181,10731
1600000US0624218,624218,"Fish Camp CDP, California",-,**
1600000US0624477,624477,"Florence-Graham CDP, California",34738,1553
1600000US0624498,624498,"Florin CDP, California",39231,1699
1600000US0624526,624526,"Floriston CDP, California",34297,24145
1600000US0624568,624568,"Flournoy CDP, California",39063,30369
1600000US0624638,624638,"Folsom city, California",102692,2756
1600000US0624680,624680,"Fontana city, California",65995,1656
1600000US0624722,624722,"Foothill Farms CDP, California",44871,3512
1600000US0624750,624750,"Forbestown CDP, California",-,**
1600000US0624764,624764,"Ford City CDP, California",32441,6292
1600000US0624834,624834,"Foresthill CDP, California",-,**
1600000US0624897,624897,"Forest Meadows CDP, California",62857,18733
1600000US0624918,624918,"Forest Ranch CDP, California",-,**
1600000US0624960,624960,"Forestville CDP, California",54803,8056
1600000US0625030,625030,"Fort Bidwell CDP, California",22262,2182
1600000US0625058,625058,"Fort Bragg city, California",37250,4939
1600000US0625086,625086,"Fort Dick CDP, California",55430,10107
1600000US0625114,625114,"Fort Irwin CDP, California",49279,5113
1600000US0625128,625128,"Fort Jones city, California",36339,12800
1600000US0625296,625296,"Fortuna city, California",44904,2169
1600000US0625300,625300,"Fort Washington CDP, California",-,**
1600000US0625338,625338,"Foster City city, California",129733,5312
1600000US0625380,625380,"Fountain Valley city, California",84763,4947
1600000US0625436,625436,"Fowler city, California",47572,8419
1600000US0625488,625488,"Franklin CDP (Merced County), California",43741,5478
1600000US0625506,625506,"Franklin CDP (Sacramento County), California",24323,6946
1600000US0625534,625534,"Frazier Park CDP, California",31171,5921
1600000US0625576,625576,"Freedom CDP, California",46650,12739
1600000US0625590,625590,"Freeport CDP, California",30966,2384
1600000US0626000,626000,"Fremont city, California",111613,2888
1600000US0626028,626028,"French Camp CDP, California",32383,7331
1600000US0626056,626056,"French Gulch CDP, California",32344,6701
1600000US0626067,626067,"French Valley CDP, California",96754,8270
1600000US0627000,627000,"Fresno city, California",41842,684
1600000US0627014,627014,"Friant CDP, California",-,**
1600000US0627080,627080,"Fruitdale CDP, California",77969,25699
1600000US0627130,627130,"Fruitridge Pocket CDP, California",24938,6159
1600000US0627190,627190,"Fuller Acres CDP, California",32763,3692
1600000US0628000,628000,"Fullerton city, California",67110,2129
1600000US0628014,628014,"Fulton CDP, California",-,**
1600000US0628021,628021,"Furnace Creek CDP, California",29279,4771
1600000US0628112,628112,"Galt city, California",63681,4046
1600000US0628154,628154,"Garberville CDP, California",28750,4649
1600000US0628168,628168,"Gardena city, California",50137,2538
1600000US0628182,628182,"Garden Acres CDP, California",40196,4442
1600000US0628210,628210,"Garden Farms CDP, California",-,**
1600000US0629000,629000,"Garden Grove city, California",60522,1288
1600000US0629070,629070,"Garey CDP, California",-,**
1600000US0629112,629112,"Garnet CDP, California",37227,2515
1600000US0629154,629154,"Gasquet CDP, California",33250,25024
1600000US0629252,629252,"Gazelle CDP, California",31389,7425
1600000US0629350,629350,"Georgetown CDP, California",42946,14092
1600000US0629392,629392,"Gerber CDP, California",31522,26501
1600000US0629420,629420,"Geyserville CDP, California",56250,8529
1600000US0629504,629504,"Gilroy city, California",84351,4918
1600000US0630000,630000,"Glendale city, California",56069,2286
1600000US0630014,630014,"Glendora city, California",78448,3997
1600000US0630028,630028,"Glen Ellen CDP, California",64301,39621
1600000US0630282,630282,"Golden Hills CDP, California",61361,6082
1600000US0630339,630339,"Gold Mountain CDP, California",-,**
1600000US0630345,630345,"Gold River CDP, California",108448,7281
1600000US0630378,630378,"Goleta city, California",81398,4285
1600000US0630392,630392,"Gonzales city, California",52940,6329
1600000US0630410,630410,"Good Hope CDP, California",41738,8324
1600000US0630420,630420,"Goodyears Bar CDP, California",-,**
1600000US0630476,630476,"Goshen CDP, California",39360,5121
1600000US0630560,630560,"Graeagle CDP, California",62232,20578
1600000US0630658,630658,"Grand Terrace city, California",64188,2850
1600000US0630686,630686,"Grangeville CDP, California",88571,68397
1600000US0630693,630693,"Granite Bay CDP, California",119701,7054
1600000US0630703,630703,"Granite Hills CDP, California",116146,20089
1600000US0630714,630714,"Graniteville CDP, California",-,**
1600000US0630798,630798,"Grass Valley city, California",35524,4064
1600000US0630812,630812,"Graton CDP, California",38300,22231
1600000US0630882,630882,"Grayson CDP, California",29787,17046
1600000US0630900,630900,"Greeley Hill CDP, California",57716,35365
1600000US0630938,630938,"Greenacres CDP, California",62043,10937
1600000US0630944,630944,"Green Acres CDP, California",49613,9569
1600000US0630987,630987,"Greenfield CDP, California",46206,6716
1600000US0630994,630994,"Greenfield city, California",46506,3581
1600000US0631029,631029,"Greenhorn CDP, California",50987,3223
1600000US0631092,631092,"Green Valley CDP (Los Angeles County), California",71875,13522
1600000US0631099,631099,"Green Valley CDP (Solano County), California",66710,33615
1600000US0631134,631134,"Greenview CDP, California",-,**
1600000US0631162,631162,"Greenville CDP, California",30556,10524
1600000US0631246,631246,"Grenada CDP, California",29773,29014
1600000US0631260,631260,"Gridley city, California",39583,5794
1600000US0631288,631288,"Grimes CDP, California",41857,11351
1600000US0631302,631302,"Grizzly Flats CDP, California",44390,10666
1600000US0631372,631372,"Groveland CDP, California",20179,18652
1600000US0631393,631393,"Grover Beach city, California",58895,8034
1600000US0631414,631414,"Guadalupe city, California",41907,5864
1600000US0631470,631470,"Guerneville CDP, California",46912,11766
1600000US0631540,631540,"Guinda CDP, California",-,**
1600000US0631568,631568,"Gustine city, California",37770,7494
1600000US0631596,631596,"Hacienda Heights CDP, California",79265,3868
1600000US0631708,631708,"Half Moon Bay city, California",106211,6495
1600000US0631883,631883,"Hamilton Branch CDP, California",58529,8070
1600000US0631890,631890,"Hamilton City CDP, California",38125,8644
1600000US0631960,631960,"Hanford city, California",51231,3364
1600000US0632030,632030,"Happy Camp CDP, California",23667,8301
1600000US0632044,632044,"Harbison Canyon CDP, California",84181,8684
1600000US0632156,632156,"Hardwick CDP, California",-,**
1600000US0632324,632324,"Hartland CDP, California",-,**
1600000US0632340,632340,"Hartley CDP, California",89235,15131
1600000US0632385,632385,"Hasley Canyon CDP, California",107708,10177
1600000US0632408,632408,"Hat Creek CDP, California",43906,34244
1600000US0632506,632506,"Hawaiian Gardens city, California",36026,4889
1600000US0632548,632548,"Hawthorne city, California",45089,1581
1600000US0632562,632562,"Hayfork CDP, California",24844,11171
1600000US0633000,633000,"Hayward city, California",68138,1989
1600000US0633056,633056,"Healdsburg city, California",69709,5710
1600000US0633084,633084,"Heber CDP, California",42647,18390
1600000US0633182,633182,"Hemet city, California",35609,1584
1600000US0633294,633294,"Herald CDP, California",122361,47043
1600000US0633308,633308,"Hercules city, California",103044,4654
1600000US0633336,633336,"Herlong CDP, California",49250,3521
1600000US0633364,633364,"Hermosa Beach city, California",121345,11438
1600000US0633434,633434,"Hesperia city, California",46446,2092
1600000US0633504,633504,"Hickman CDP, California",49583,8648
1600000US0633518,633518,"Hidden Hills city, California",211250,69849
1600000US0633532,633532,"Hidden Meadows CDP, California",90536,17385
1600000US0633549,633549,"Hidden Valley Lake CDP, California",66411,9130
1600000US0633574,633574,"Highgrove CDP, California",45948,12654
1600000US0633588,633588,"Highland city, California",53504,6735
1600000US0633633,633633,"Highlands-Baywood Park CDP, California",162552,18993
1600000US0633798,633798,"Hillsborough town, California",216292,20559
1600000US0633861,633861,"Hilmar-Irwin CDP, California",54302,5656
1600000US0633935,633935,"Hiouchi CDP, California",95313,42572
1600000US0634120,634120,"Hollister city, California",71948,2774
1600000US0634246,634246,"Holtville city, California",28115,6662
1600000US0634281,634281,"Home Garden CDP, California",33125,8462
1600000US0634302,634302,"Home Gardens CDP, California",52438,8672
1600000US0634316,634316,"Homeland CDP, California",35906,3431
1600000US0634392,634392,"Homestead Valley CDP, California",30575,6535
1600000US0634405,634405,"Homewood Canyon CDP, California",-,**
1600000US0634428,634428,"Honcut CDP, California",-,**
1600000US0634484,634484,"Hood CDP, California",69375,19121
1600000US0634540,634540,"Hoopa CDP, California",25104,9680
1600000US0634652,634652,"Hopland CDP, California",38409,15662
1600000US0634694,634694,"Hornbrook CDP, California",21736,3856
1600000US0634708,634708,"Hornitos CDP, California",-,**
1600000US0634904,634904,"Hughson city, California",54352,6404
1600000US0634928,634928,"Humboldt Hill CDP, California",55076,9638
1600000US0636000,636000,"Huntington Beach city, California",85312,1954
1600000US0636056,636056,"Huntington Park city, California",35629,1565
1600000US0636084,636084,"Huron city, California",25321,7859
1600000US0636098,636098,"Hyampom CDP, California",-,**
1600000US0636126,636126,"Hydesville CDP, California",63750,16372
1600000US0636168,636168,"Idlewild CDP, California",-,**
1600000US0636203,636203,"Idyllwild-Pine Cove CDP, California",57750,11349
1600000US0636280,636280,"Imperial city, California",85503,6484
1600000US0636294,636294,"Imperial Beach city, California",48010,1975
1600000US0636350,636350,"Independence CDP, California",58750,13940
1600000US0636364,636364,"Indian Falls CDP, California",-,**
1600000US0636420,636420,"Indianola CDP, California",41000,11359
1600000US0636434,636434,"Indian Wells city, California",96961,9687
1600000US0636448,636448,"Indio city, California",49551,2271
1600000US0636452,636452,"Indio Hills CDP, California",43114,17458
1600000US0636490,636490,"Industry city, California",71875,58274
1600000US0636546,636546,"Inglewood city, California",44377,1540
1600000US0636613,636613,"Interlaken CDP, California",63409,9590
1600000US0636616,636616,"Inverness CDP, California",57404,16393
1600000US0636658,636658,"Inyokern CDP, California",56821,35563
1600000US0636672,636672,"Ione city, California",57423,14422
1600000US0636735,636735,"Iron Horse CDP, California",71397,31083
1600000US0636770,636770,"Irvine city, California",93823,3108
1600000US0636826,636826,"Irwindale city, California",55000,8354
1600000US0636868,636868,"Isla Vista CDP, California",22304,3059
1600000US0636882,636882,"Isleton city, California",37663,10948
1600000US0636910,636910,"Ivanhoe CDP, California",31611,8519
1600000US0636980,636980,"Jackson city, California",42344,9342
1600000US0637022,637022,"Jacumba CDP, California",26038,1947
1600000US0637106,637106,"Jamestown CDP, California",36923,8578
1600000US0637120,637120,"Jamul CDP, California",110290,8576
1600000US0637134,637134,"Janesville CDP, California",72361,25751
1600000US0637274,637274,"Jenner CDP, California",-,**
1600000US0637400,637400,"Johannesburg CDP, California",-,**
1600000US0637484,637484,"Johnstonville CDP, California",71953,8213
1600000US0637512,637512,"Johnsville CDP, California",-,**
1600000US0637554,637554,"Joshua Tree CDP, California",34970,7367
1600000US0637582,637582,"Julian CDP, California",59760,13653
1600000US0637596,637596,"Junction City CDP, California",49830,11124
1600000US0637624,637624,"June Lake CDP, California",50298,23670
1600000US0637692,637692,"Jurupa Valley city, California",58849,3184
1600000US0637904,637904,"Keddie CDP, California",83750,14254
1600000US0637918,637918,"Keeler CDP, California",-,**
1600000US0637946,637946,"Keene CDP, California",55000,49293
1600000US0638024,638024,"Kelly Ridge CDP, California",40292,4503
1600000US0638044,638044,"Kelseyville CDP, California",33594,7703
1600000US0638065,638065,"Kennedy CDP, California",37674,11868
1600000US0638076,638076,"Kennedy Meadows CDP, California",-,**
1600000US0638086,638086,"Kensington CDP, California",140690,12034
1600000US0638114,638114,"Kentfield CDP, California",176736,19694
1600000US0638156,638156,"Kenwood CDP, California",79447,29470
1600000US0638226,638226,"Kerman city, California",42046,5309
1600000US0638310,638310,"Kernville CDP, California",55139,20624
1600000US0638352,638352,"Keswick CDP, California",-,**
1600000US0638394,638394,"Kettleman City CDP, California",51316,37496
1600000US0638422,638422,"Keyes CDP, California",46250,9558
1600000US0638520,638520,"King City city, California",38766,7137
1600000US0638548,638548,"Kings Beach CDP, California",45303,12867
1600000US0638562,638562,"Kingsburg city, California",61925,5118
1600000US0638604,638604,"Kingvale CDP, California",-,**
1600000US0638646,638646,"Kirkwood CDP, California",-,**
1600000US0638702,638702,"Klamath CDP, California",32625,5513
1600000US0638772,638772,"Knightsen CDP, California",95000,30102
1600000US0638800,638800,"Knights Landing CDP, California",39310,9050
1600000US0639003,639003,"La Cañada Flintridge city, California",158438,11124
1600000US0639045,639045,"La Crescenta-Montrose CDP, California",90212,9007
1600000US0639094,639094,"Ladera CDP, California","250,000+",***
1600000US0639108,639108,"Ladera Heights CDP, California",90241,20388
1600000US0639114,639114,"Ladera Ranch CDP, California",142283,9623
1600000US0639122,639122,"Lafayette city, California",142977,11533
1600000US0639178,639178,"Laguna Beach city, California",100506,7236
1600000US0639220,639220,"Laguna Hills city, California",92690,6997
1600000US0639248,639248,"Laguna Niguel city, California",97894,6287
1600000US0639259,639259,"Laguna Woods city, California",39201,1668
1600000US0639283,639283,"Lagunitas-Forest Knolls CDP, California",85671,26698
1600000US0639290,639290,"La Habra city, California",65799,3306
1600000US0639304,639304,"La Habra Heights city, California",110329,24590
1600000US0639318,639318,"La Honda CDP, California",-,**
1600000US0639411,639411,"Lake Almanor Country Club CDP, California",67813,11980
1600000US0639420,639420,"Lake Almanor Peninsula CDP, California",66750,12347
1600000US0639425,639425,"Lake Almanor West CDP, California",-,**
1600000US0639444,639444,"Lake Arrowhead CDP, California",60926,9921
1600000US0639460,639460,"Lake California CDP, California",45265,12524
1600000US0639472,639472,"Lake City CDP, California",-,**
1600000US0639483,639483,"Lake Davis CDP, California",-,**
1600000US0639484,639484,"Lake Don Pedro CDP, California",53333,25651
1600000US0639486,639486,"Lake Elsinore city, California",63306,2933
1600000US0639496,639496,"Lake Forest city, California",92415,3346
1600000US0639514,639514,"Lakehead CDP, California",26667,17206
1600000US0639556,639556,"Lake Hughes CDP, California",-,**
1600000US0639570,639570,"Lake Isabella CDP, California",26369,5004
1600000US0639598,639598,"Lakeland Village CDP, California",39046,4560
1600000US0639612,639612,"Lake Los Angeles CDP, California",39387,5540
1600000US0639645,639645,"Lake Mathews CDP, California",69231,19767
1600000US0639670,639670,"Lake Nacimiento CDP, California",74804,6092
1600000US0639690,639690,"Lake of the Pines CDP, California",80096,9210
1600000US0639696,639696,"Lake of the Woods CDP, California",45333,35710
1600000US0639710,639710,"Lakeport city, California",37576,9689
1600000US0639715,639715,"Lake Riverside CDP, California",82589,31300
1600000US0639724,639724,"Lake San Marcos CDP, California",51793,7554
1600000US0639735,639735,"Lake Sherwood CDP, California","250,000+",***
1600000US0639766,639766,"Lakeside CDP, California",65256,6282
1600000US0639836,639836,"Lakeview CDP, California",42105,11105
1600000US0639885,639885,"Lake Wildwood CDP, California",63125,7756
1600000US0639892,639892,"Lakewood city, California",82175,2050
1600000US0640004,640004,"La Mesa city, California",56693,2256
1600000US0640032,640032,"La Mirada city, California",81956,4022
1600000US0640088,640088,"Lamont CDP, California",34421,5596
1600000US0640116,640116,"Lanare CDP, California",-,**
1600000US0640130,640130,"Lancaster city, California",47684,1728
1600000US0640256,640256,"La Palma city, California",83760,4510
1600000US0640312,640312,"La Porte CDP, California",-,**
1600000US0640326,640326,"La Presa CDP, California",60155,2847
1600000US0640340,640340,"La Puente city, California",57174,2530
1600000US0640354,640354,"La Quinta city, California",71338,3306
1600000US0640410,640410,"La Riviera CDP, California",56699,4147
1600000US0640426,640426,"Larkfield-Wikiup CDP, California",70040,10256
1600000US0640438,640438,"Larkspur city, California",91848,10127
1600000US0640508,640508,"La Selva Beach CDP, California",97833,18513
1600000US0640526,640526,"Las Flores CDP (Orange County), California",122331,15842
1600000US0640536,640536,"Las Flores CDP (Tehama County), California",29018,3382
1600000US0640592,640592,"Las Lomas CDP, California",66693,8779
1600000US0640704,640704,"Lathrop city, California",65699,4239
1600000US0640746,640746,"Laton CDP, California",27721,9799
1600000US0640830,640830,"La Verne city, California",78385,4975
1600000US0640872,640872,"La Vina CDP, California",-,**
1600000US0640886,640886,"Lawndale city, California",51934,3904
1600000US0640928,640928,"Laytonville CDP, California",31439,7489
1600000US0640956,640956,"Lebec CDP, California",27000,20842
1600000US0640998,640998,"Lee Vining CDP, California",-,**
1600000US0641026,641026,"Leggett CDP, California",-,**
1600000US0641040,641040,"Le Grand CDP, California",41776,5650
1600000US0641110,641110,"Lemon Cove CDP, California",48333,20750
1600000US0641124,641124,"Lemon Grove city, California",58694,3452
1600000US0641142,641142,"Lemon Hill CDP, California",30253,2613
1600000US0641152,641152,"Lemoore city, California",50871,3238
1600000US0641166,641166,"Lemoore Station CDP, California",42750,5962
1600000US0641180,641180,"Lennox CDP, California",39177,3530
1600000US0641194,641194,"Lenwood CDP, California",37663,15144
1600000US0641208,641208,"Leona Valley CDP, California",83194,10399
1600000US0641278,641278,"Lewiston CDP, California",33684,7584
1600000US0641282,641282,"Lexington Hills CDP, California",146726,24735
1600000US0641390,641390,"Likely CDP, California",-,**
1600000US0641474,641474,"Lincoln city, California",76354,2440
1600000US0641558,641558,"Lincoln Village CDP, California",62031,12156
1600000US0641572,641572,"Linda CDP, California",37385,2749
1600000US0641656,641656,"Lindcove CDP, California",43500,34038
1600000US0641670,641670,"Linden CDP, California",85625,16197
1600000US0641712,641712,"Lindsay city, California",30317,4358
1600000US0641740,641740,"Linnell Camp CDP, California",20565,3801
1600000US0641782,641782,"Litchfield CDP, California",-,**
1600000US0641789,641789,"Little Grass Valley CDP, California",-,**
1600000US0641866,641866,"Little River CDP, California",-,**
1600000US0641880,641880,"Littlerock CDP, California",31919,10677
1600000US0641908,641908,"Little Valley CDP, California",13214,5765
1600000US0641922,641922,"Live Oak CDP, California",67257,7000
1600000US0641936,641936,"Live Oak city, California",41919,6553
1600000US0641992,641992,"Livermore city, California",104223,3063
1600000US0642006,642006,"Livingston city, California",55226,5732
1600000US0642104,642104,"Lockeford CDP, California",49893,5986
1600000US0642146,642146,"Lockwood CDP, California",38269,25057
1600000US0642202,642202,"Lodi city, California",51139,1506
1600000US0642230,642230,"Lodoga CDP, California",37250,13201
1600000US0642328,642328,"Loleta CDP, California",38542,18254
1600000US0642370,642370,"Loma Linda city, California",51390,4245
1600000US0642384,642384,"Loma Mar CDP, California",-,**
1600000US0642412,642412,"Loma Rica CDP, California",68597,22859
1600000US0642468,642468,"Lomita city, California",61580,4950
1600000US0642510,642510,"Lompico CDP, California",71417,7998
1600000US0642524,642524,"Lompoc city, California",46728,2821
1600000US0642566,642566,"London CDP, California",26012,5037
1600000US0642580,642580,"Lone Pine CDP, California",35347,9707
1600000US0642622,642622,"Long Barn CDP, California",-,**
1600000US0643000,643000,"Long Beach city, California",55151,997
1600000US0643126,643126,"Lookout CDP, California",-,**
1600000US0643140,643140,"Loomis town, California",78099,19402
1600000US0643224,643224,"Los Alamitos city, California",80926,9665
1600000US0643252,643252,"Los Alamos CDP, California",59688,6272
1600000US0643280,643280,"Los Altos city, California",187656,14985
1600000US0643294,643294,"Los Altos Hills town, California",243701,19412
1600000US0644000,644000,"Los Angeles city, California",51538,236
1600000US0644028,644028,"Los Banos city, California",45751,2979
1600000US0644042,644042,"Los Berros CDP, California",61291,11808
1600000US0644112,644112,"Los Gatos town, California",127278,13123
1600000US0644140,644140,"Los Molinos CDP, California",34835,11341
1600000US0644168,644168,"Los Olivos CDP, California",95476,15785
1600000US0644182,644182,"Los Osos CDP, California",69056,4829
1600000US0644242,644242,"Los Ranchos CDP, California",117740,30987
1600000US0644280,644280,"Lost Hills CDP, California",30583,4407
1600000US0644350,644350,"Lower Lake CDP, California",30757,8714
1600000US0644364,644364,"Loyalton city, California",40161,7627
1600000US0644378,644378,"Loyola CDP, California",204726,18816
1600000US0644399,644399,"Lucas Valley-Marinwood CDP, California",119148,9890
1600000US0644406,644406,"Lucerne CDP, California",26273,7602
1600000US0644420,644420,"Lucerne Valley CDP, California",33456,9234
1600000US0644574,644574,"Lynwood city, California",43848,2514
1600000US0644644,644644,"Lytle Creek CDP, California",56875,19639
1600000US0644672,644672,"Mabie CDP, California",-,**
1600000US0644700,644700,"McArthur CDP, California",63630,21514
1600000US0644760,644760,"McClellan Park CDP, California",17708,10102
1600000US0644770,644770,"McClenney Tract CDP, California",-,**
1600000US0644784,644784,"McCloud CDP, California",38947,9116
1600000US0644812,644812,"Macdoel CDP, California",35294,29149
1600000US0644826,644826,"McFarland city, California",33687,3440
1600000US0644830,644830,"McGee Creek CDP, California",-,**
1600000US0644910,644910,"McKinleyville CDP, California",51727,3880
1600000US0644924,644924,"McKittrick CDP, California",43125,17100
1600000US0645006,645006,"McSwain CDP, California",104722,18995
1600000US0645022,645022,"Madera city, California",40034,2192
1600000US0645050,645050,"Madera Acres CDP, California",64141,7356
1600000US0645064,645064,"Madison CDP, California",57000,42300
1600000US0645092,645092,"Mad River CDP, California",35250,11089
1600000US0645120,645120,"Magalia CDP, California",44446,4239
1600000US0645232,645232,"Malaga CDP, California",42250,9979
1600000US0645246,645246,"Malibu city, California",116904,21229
1600000US0645358,645358,"Mammoth Lakes town, California",60899,7970
1600000US0645386,645386,"Manchester CDP, California",44821,14553
1600000US0645400,645400,"Manhattan Beach city, California",144868,9758
1600000US0645414,645414,"Manila CDP, California",33264,7214
1600000US0645484,645484,"Manteca city, California",64502,2959
1600000US0645512,645512,"Manton CDP, California",27431,8718
1600000US0645680,645680,"March ARB CDP, California",69559,9857
1600000US0645736,645736,"Maricopa city, California",33295,17342
1600000US0645778,645778,"Marina city, California",57135,4637
1600000US0645806,645806,"Marina del Rey CDP, California",100442,9266
1600000US0645820,645820,"Marin City CDP, California",40517,4728
1600000US0645932,645932,"Mariposa CDP, California",45534,6112
1600000US0645988,645988,"Markleeville CDP, California",-,**
1600000US0646100,646100,"Martell CDP, California",-,**
1600000US0646114,646114,"Martinez city, California",93874,5201
1600000US0646170,646170,"Marysville city, California",41679,8473
1600000US0646223,646223,"Matheny CDP, California",30776,3014
1600000US0646226,646226,"Mather CDP, California",75897,8540
1600000US0646338,646338,"Maxwell CDP, California",59125,12509
1600000US0646400,646400,"Mayfair CDP, California",46328,12241
1600000US0646436,646436,"Mayflower Village CDP, California",71914,10821
1600000US0646492,646492,"Maywood city, California",36696,2081
1600000US0646520,646520,"Meadowbrook CDP, California",46000,16002
1600000US0646618,646618,"Meadow Valley CDP, California",49926,19204
1600000US0646632,646632,"Meadow Vista CDP, California",81681,11737
1600000US0646646,646646,"Mead Valley CDP, California",40889,7408
1600000US0646660,646660,"Mecca CDP, California",26680,3171
1600000US0646702,646702,"Meiners Oaks CDP, California",74216,16229
1600000US0646814,646814,"Mendocino CDP, California",48899,23066
1600000US0646828,646828,"Mendota city, California",26094,2452
1600000US0646842,646842,"Menifee city, California",57598,2022
1600000US0646870,646870,"Menlo Park city, California",126045,7736
1600000US0646884,646884,"Mentone CDP, California",56183,4552
1600000US0646898,646898,"Merced city, California",39307,1699
1600000US0646926,646926,"Meridian CDP, California",48750,33810
1600000US0647013,647013,"Mesa CDP, California",89375,32464
1600000US0647066,647066,"Mesa Verde CDP, California",28696,4263
1600000US0647086,647086,"Mesa Vista CDP, California",63214,6305
1600000US0647164,647164,"Mettler CDP, California",38036,14129
1600000US0647192,647192,"Mexican Colony CDP, California",22639,16555
1600000US0647332,647332,"Middletown CDP, California",47976,30523
1600000US0647374,647374,"Midpines CDP, California",48477,26114
1600000US0647430,647430,"Midway City CDP, California",43019,7257
1600000US0647472,647472,"Milford CDP, California",-,**
1600000US0647486,647486,"Millbrae city, California",98533,5656
1600000US0647710,647710,"Mill Valley city, California",149336,10009
1600000US0647724,647724,"Millville CDP, California",61912,10173
1600000US0647766,647766,"Milpitas city, California",103623,3048
1600000US0647794,647794,"Mineral CDP, California",54625,8742
1600000US0647822,647822,"Minkler CDP, California",87679,54197
1600000US0648046,648046,"Mira Monte CDP, California",65174,16773
1600000US0648060,648060,"Miranda CDP, California",50625,34780
1600000US0648147,648147,"Mission Canyon CDP, California",137727,30580
1600000US0648186,648186,"Mission Hills CDP, California",85052,13904
1600000US0648256,648256,"Mission Viejo city, California",104886,3519
1600000US0648298,648298,"Mi-Wuk Village CDP, California",-,**
1600000US0648354,648354,"Modesto city, California",50996,1100
1600000US0648448,648448,"Mohawk Vista CDP, California",-,**
1600000US0648452,648452,"Mojave CDP, California",34280,7066
1600000US0648480,648480,"Mokelumne Hill CDP, California",59821,31318
1600000US0648592,648592,"Monmouth CDP, California",27375,7315
1600000US0648602,648602,"Mono City CDP, California",91938,57501
1600000US0648641,648641,"Mono Vista CDP, California",56503,11476
1600000US0648648,648648,"Monrovia city, California",67167,4199
1600000US0648676,648676,"Monson CDP, California",46250,10939
1600000US0648690,648690,"Montague city, California",41923,8717
1600000US0648718,648718,"Montalvin Manor CDP, California",65074,15604
1600000US0648760,648760,"Montara CDP, California",101410,39587
1600000US0648788,648788,"Montclair city, California",50374,3896
1600000US0648816,648816,"Montebello city, California",47518,2239
1600000US0648844,648844,"Montecito CDP, California",138872,17740
1600000US0648872,648872,"Monterey city, California",68511,5228
1600000US0648914,648914,"Monterey Park city, California",54008,3276
1600000US0648916,648916,"Monterey Park Tract CDP, California",-,**
1600000US0648928,648928,"Monte Rio CDP, California",39224,9584
1600000US0648956,648956,"Monte Sereno city, California",202321,25625
1600000US0648998,648998,"Montgomery Creek CDP, California",-,**
1600000US0649045,649045,"Monument Hills CDP, California",121635,49183
1600000US0649138,649138,"Moorpark city, California",100457,3213
1600000US0649180,649180,"Morada CDP, California",107500,58803
1600000US0649187,649187,"Moraga town, California",136336,16800
1600000US0649270,649270,"Moreno Valley city, California",56456,1510
1600000US0649278,649278,"Morgan Hill city, California",100900,4411
1600000US0649348,649348,"Morongo Valley CDP, California",35777,7402
1600000US0649362,649362,"Morro Bay city, California",53348,7664
1600000US0649432,649432,"Moskowite Corner CDP, California",53125,21597
1600000US0649446,649446,"Moss Beach CDP, California",93635,16411
1600000US0649488,649488,"Moss Landing CDP, California",-,**
1600000US0649544,649544,"Mountain Center CDP, California",-,**
1600000US0649558,649558,"Mountain Gate CDP, California",33542,11875
1600000US0649582,649582,"Mountain House CDP, California",117433,5711
1600000US0649600,649600,"Mountain Mesa CDP, California",29223,22083
1600000US0649628,649628,"Mountain Ranch CDP, California",35979,8529
1600000US0649651,649651,"Mountain View CDP, California",63630,15150
1600000US0649670,649670,"Mountain View city, California",109249,3285
1600000US0649684,649684,"Mountain View Acres CDP, California",41480,12519
1600000US0649768,649768,"Mount Hebron CDP, California",28170,14014
1600000US0649796,649796,"Mount Hermon CDP, California",75804,33588
1600000US0649810,649810,"Mount Laguna CDP, California",-,**
1600000US0649852,649852,"Mount Shasta city, California",34813,17246
1600000US0649950,649950,"Muir Beach CDP, California",122000,35103
1600000US0650034,650034,"Murphys CDP, California",43686,10050
1600000US0650076,650076,"Murrieta city, California",76149,1896
1600000US0650132,650132,"Muscoy CDP, California",36528,4974
1600000US0650146,650146,"Myers Flat CDP, California",-,**
1600000US0650188,650188,"Myrtletown CDP, California",62384,3122
1600000US0650258,650258,"Napa city, California",71087,1944
1600000US0650398,650398,"National City city, California",42178,1818
1600000US0650734,650734,"Needles city, California",34214,5203
1600000US0650874,650874,"Nevada City city, California",43770,11929
1600000US0650916,650916,"Newark city, California",91965,3594
1600000US0651000,651000,"Newcastle CDP, California",40313,19305
1600000US0651028,651028,"New Cuyama CDP, California",45417,17952
1600000US0651042,651042,"Newell CDP, California",27083,13791
1600000US0651140,651140,"Newman city, California",51455,10703
1600000US0651168,651168,"New Pine Creek CDP, California",-,**
1600000US0651182,651182,"Newport Beach city, California",115845,5431
1600000US0651280,651280,"Nicasio CDP, California",133750,91504
1600000US0651294,651294,"Nice CDP, California",33635,5410
1600000US0651336,651336,"Nicolaus CDP, California",86944,22714
1600000US0651392,651392,"Niland CDP, California",18553,3779
1600000US0651470,651470,"Nipinnawasee CDP, California",38971,29274
1600000US0651476,651476,"Nipomo CDP, California",70226,9857
1600000US0651560,651560,"Norco city, California",87067,6296
1600000US0651574,651574,"Nord CDP, California",-,**
1600000US0651622,651622,"Norris Canyon CDP, California",223542,89631
1600000US0651637,651637,"North Auburn CDP, California",51903,4785
1600000US0651812,651812,"North Edwards CDP, California",53299,12360
1600000US0651820,651820,"North El Monte CDP, California",67392,13596
1600000US0651840,651840,"North Fair Oaks CDP, California",66884,8146
1600000US0651890,651890,"North Gate CDP, California",98583,40550
1600000US0651924,651924,"North Highlands CDP, California",39334,2100
1600000US0651990,651990,"North Lakeport CDP, California",44856,8456
1600000US0652162,652162,"North Richmond CDP, California",40511,10919
1600000US0652246,652246,"North San Juan CDP, California",27500,23224
1600000US0652302,652302,"North Shore CDP, California",27981,15001
1600000US0652379,652379,"North Tustin CDP, California",134597,9376
1600000US0652526,652526,"Norwalk city, California",61050,1096
1600000US0652582,652582,"Novato city, California",83895,6597
1600000US0652610,652610,"Nubieber CDP, California",-,**
1600000US0652624,652624,"Nuevo CDP, California",61420,14516
1600000US0652694,652694,"Oakdale city, California",51654,4340
1600000US0652715,652715,"Oak Glen CDP, California",146827,80289
1600000US0652760,652760,"Oak Hills CDP, California",73938,22187
1600000US0652764,652764,"Oakhurst CDP, California",34577,11288
1600000US0653000,653000,"Oakland city, California",57778,1266
1600000US0653070,653070,"Oakley city, California",82584,3966
1600000US0653116,653116,"Oak Park CDP, California",121348,10263
1600000US0653160,653160,"Oak Shores CDP, California",85556,17295
1600000US0653182,653182,"Oak View CDP, California",71629,5511
1600000US0653196,653196,"Oakville CDP, California",-,**
1600000US0653224,653224,"Oasis CDP, California",22210,4115
1600000US0653266,653266,"Occidental CDP, California",63167,20225
1600000US0653294,653294,"Oceano CDP, California",52259,5785
1600000US0653322,653322,"Oceanside city, California",58949,1619
1600000US0653378,653378,"Ocotillo CDP, California",-,**
1600000US0653448,653448,"Oildale CDP, California",36866,2305
1600000US0653476,653476,"Ojai city, California",64618,8831
1600000US0653490,653490,"Olancha CDP, California",94145,12129
1600000US0653505,653505,"Old Fig Garden CDP, California",65694,4660
1600000US0653602,653602,"Old Station CDP, California",36791,1225
1600000US0653714,653714,"Olivehurst CDP, California",43781,3982
1600000US0653896,653896,"Ontario city, California",54896,1539
1600000US0653910,653910,"Onyx CDP, California",28438,16574
1600000US0653980,653980,"Orange city, California",79192,2083
1600000US0654008,654008,"Orange Cove city, California",27782,3024
1600000US0654092,654092,"Orangevale CDP, California",71893,5338
1600000US0654120,654120,"Orcutt CDP, California",75695,4547
1600000US0654218,654218,"Orick CDP, California",34375,12242
1600000US0654232,654232,"Orinda city, California",178704,23807
1600000US0654274,654274,"Orland city, California",39559,5283
1600000US0654372,654372,"Orosi CDP, California",33293,5946
1600000US0654386,654386,"Oroville city, California",35457,3723
1600000US0654388,654388,"Oroville East CDP, California",48453,4238
1600000US0654652,654652,"Oxnard city, California",61709,1408
1600000US0654764,654764,"Pacheco CDP, California",53107,8171
1600000US0654806,654806,"Pacifica city, California",103545,3243
1600000US0654848,654848,"Pacific Grove city, California",81304,6219
1600000US0655044,655044,"Pajaro CDP, California",39205,16262
1600000US0655048,655048,"Pajaro Dunes CDP, California",-,**
1600000US0655058,655058,"Pala CDP, California",81250,47704
1600000US0655086,655086,"Palermo CDP, California",40813,5155
1600000US0655156,655156,"Palmdale city, California",52801,1973
1600000US0655184,655184,"Palm Desert city, California",53701,1833
1600000US0655254,655254,"Palm Springs city, California",46059,2217
1600000US0655282,655282,"Palo Alto city, California",137043,9303
1600000US0655296,655296,"Palo Cedro CDP, California",78450,8775
1600000US0655380,655380,"Palos Verdes Estates city, California",200766,30164
1600000US0655422,655422,"Palo Verde CDP, California",16667,13154
1600000US0655506,655506,"Panorama Heights CDP, California",40313,4586
1600000US0655520,655520,"Paradise town, California",47533,4540
1600000US0655528,655528,"Paradise CDP, California",62750,24664
1600000US0655604,655604,"Paradise Park CDP, California",63295,19920
1600000US0655618,655618,"Paramount city, California",46364,2284
1600000US0655728,655728,"Parklawn CDP, California",31302,8054
1600000US0655751,655751,"Parksdale CDP, California",32097,13844
1600000US0655800,655800,"Parkway CDP, California",34199,2174
1600000US0655842,655842,"Parkwood CDP, California",36827,10847
1600000US0655856,655856,"Parlier city, California",30556,2316
1600000US0656000,656000,"Pasadena city, California",73029,2092
1600000US0656028,656028,"Pasatiempo CDP, California",104842,79464
1600000US0656042,656042,"Paskenta CDP, California",38000,15242
1600000US0656112,656112,"Patterson city, California",54195,4693
1600000US0656120,656120,"Patterson Tract CDP, California",39006,13482
1600000US0656140,656140,"Patton Village CDP, California",45357,7434
1600000US0656182,656182,"Paxton CDP, California",-,**
1600000US0656196,656196,"Paynes Creek CDP, California",34554,2903
1600000US0656294,656294,"Pearsonville CDP, California",-,**
1600000US0656476,656476,"Penngrove CDP, California",74294,3413
1600000US0656518,656518,"Penn Valley CDP, California",40668,11671
1600000US0656546,656546,"Penryn CDP, California",80357,37503
1600000US0656700,656700,"Perris city, California",51315,1729
1600000US0656756,656756,"Pescadero CDP, California",58468,33508
1600000US0656784,656784,"Petaluma city, California",80907,3245
1600000US0656798,656798,"Peters CDP, California",123036,28319
1600000US0656826,656826,"Phelan CDP, California",52549,3025
1600000US0656854,656854,"Phillipsville CDP, California","2,500-",***
1600000US0656868,656868,"Philo CDP, California",16522,13996
1600000US0656870,656870,"Phoenix Lake CDP, California",75542,12611
1600000US0656924,656924,"Pico Rivera city, California",57203,3480
1600000US0656938,656938,"Piedmont city, California",202083,22079
1600000US0657011,657011,"Pierpoint CDP, California",-,**
1600000US0657036,657036,"Pike CDP, California",-,**
1600000US0657070,657070,"Pine Canyon CDP, California",65170,21671
1600000US0657134,657134,"Pine Flat CDP, California",26250,21689
1600000US0657148,657148,"Pine Grove CDP, California",48326,23843
1600000US0657204,657204,"Pine Hills CDP, California",51250,16031
1600000US0657240,657240,"Pine Mountain Club CDP, California",42108,15491
1600000US0657244,657244,"Pine Mountain Lake CDP, California",53900,6033
1600000US0657260,657260,"Pine Valley CDP, California",100259,39771
1600000US0657288,657288,"Pinole city, California",74124,4389
1600000US0657302,657302,"Piñon Hills CDP, California",47950,9850
1600000US0657330,657330,"Pioneer CDP, California",49219,19200
1600000US0657372,657372,"Piru CDP, California",48068,19355
1600000US0657414,657414,"Pismo Beach city, California",75978,9206
1600000US0657456,657456,"Pittsburg city, California",63950,2554
1600000US0657512,657512,"Pixley CDP, California",32845,7614
1600000US0657526,657526,"Placentia city, California",80668,3362
1600000US0657540,657540,"Placerville city, California",42793,7633
1600000US0657568,657568,"Plainview CDP, California",22083,12111
1600000US0657582,657582,"Planada CDP, California",39075,5175
1600000US0657764,657764,"Pleasant Hill city, California",93476,6740
1600000US0657792,657792,"Pleasanton city, California",130170,5193
1600000US0657825,657825,"Pleasure Point CDP, California",57981,9856
1600000US0657828,657828,"Plumas Eureka CDP, California",64000,26756
1600000US0657829,657829,"Plumas Lake CDP, California",85422,8867
1600000US0657834,657834,"Plymouth city, California",41750,14471
1600000US0657876,657876,"Point Arena city, California",28000,14545
1600000US0657960,657960,"Point Reyes Station CDP, California",31005,7593
1600000US0658030,658030,"Pollock Pines CDP, California",54043,6542
1600000US0658072,658072,"Pomona city, California",50360,1432
1600000US0658134,658134,"Ponderosa CDP, California",-,**
1600000US0658191,658191,"Poplar-Cotton Center CDP, California",21890,9467
1600000US0658226,658226,"Port Costa CDP, California",136375,64211
1600000US0658240,658240,"Porterville city, California",39763,2035
1600000US0658296,658296,"Port Hueneme city, California",59592,5050
1600000US0658352,658352,"Portola city, California",29741,11265
1600000US0658380,658380,"Portola Valley town, California",232981,73671
1600000US0658422,658422,"Posey CDP, California",-,**
1600000US0658436,658436,"Poso Park CDP, California",-,**
1600000US0658478,658478,"Potrero CDP, California",-,**
1600000US0658506,658506,"Potter Valley CDP, California",64750,43896
1600000US0658520,658520,"Poway city, California",98859,5224
1600000US0658618,658618,"Prattville CDP, California",-,**
1600000US0658758,658758,"Princeton CDP, California",46477,11523
1600000US0658814,658814,"Proberta CDP, California",-,**
1600000US0658870,658870,"Prunedale CDP, California",75727,4567
1600000US0659052,659052,"Quartz Hill CDP, California",56063,8152
1600000US0659080,659080,"Quincy CDP, California",50704,10955
1600000US0659115,659115,"Rackerby CDP, California",-,**
1600000US0659220,659220,"Rail Road Flat CDP, California",28264,14379
1600000US0659248,659248,"Rainbow CDP, California",65486,10290
1600000US0659290,659290,"Raisin City CDP, California",-,**
1600000US0659346,659346,"Ramona CDP, California",66523,6152
1600000US0659426,659426,"Rancho Calaveras CDP, California",54522,11455
1600000US0659444,659444,"Rancho Cordova city, California",53360,2341
1600000US0659451,659451,"Rancho Cucamonga city, California",79973,2421
1600000US0659500,659500,"Rancho Mirage city, California",66083,9011
1600000US0659506,659506,"Rancho Murieta CDP, California",94681,10153
1600000US0659514,659514,"Rancho Palos Verdes city, California",120668,5750
1600000US0659550,659550,"Rancho San Diego CDP, California",80628,4532
1600000US0659584,659584,"Rancho Santa Fe CDP, California",106215,24346
1600000US0659587,659587,"Rancho Santa Margarita city, California",104556,3020
1600000US0659604,659604,"Rancho Tehama Reserve CDP, California",28722,9450
1600000US0659668,659668,"Randsburg CDP, California",26314,16082
1600000US0659892,659892,"Red Bluff city, California",30311,3150
1600000US0659896,659896,"Red Corral CDP, California",78790,44075
1600000US0659906,659906,"Redcrest CDP, California",21458,7224
1600000US0659920,659920,"Redding city, California",44573,1418
1600000US0659962,659962,"Redlands city, California",66514,3434
1600000US0660018,660018,"Redondo Beach city, California",103782,4631
1600000US0660088,660088,"Redway CDP, California",38750,27754
1600000US0660102,660102,"Redwood City city, California",90461,3822
1600000US0660214,660214,"Redwood Valley CDP, California",78819,8233
1600000US0660242,660242,"Reedley city, California",43907,3762
1600000US0660279,660279,"Reliez Valley CDP, California",172083,38737
1600000US0660466,660466,"Rialto city, California",52347,1359
1600000US0660592,660592,"Richfield CDP, California",55417,26912
1600000US0660606,660606,"Richgrove CDP, California",30116,3006
1600000US0660620,660620,"Richmond city, California",57107,2015
1600000US0660662,660662,"Richvale CDP, California",79167,40103
1600000US0660704,660704,"Ridgecrest city, California",59780,5419
1600000US0660706,660706,"Ridgemark CDP, California",112663,14201
1600000US0660900,660900,"Rio Dell city, California",39981,8686
1600000US0660928,660928,"Rio del Mar CDP, California",97874,7082
1600000US0660942,660942,"Rio Linda CDP, California",54991,3126
1600000US0660970,660970,"Rio Oso CDP, California",70208,16566
1600000US0660984,660984,"Rio Vista city, California",59050,12052
1600000US0661012,661012,"Ripley CDP, California",-,**
1600000US0661026,661026,"Ripon city, California",79354,7640
1600000US0661068,661068,"Riverbank city, California",61870,2351
1600000US0661096,661096,"Riverdale CDP, California",49100,8143
1600000US0661106,661106,"Riverdale Park CDP, California",27188,23752
1600000US0661124,661124,"River Pines CDP, California",49569,23315
1600000US0662000,662000,"Riverside city, California",58979,1452
1600000US0662168,662168,"Robbins CDP, California",28264,16983
1600000US0662200,662200,"Robinson Mill CDP, California",-,**
1600000US0662364,662364,"Rocklin city, California",84121,3276
1600000US0662490,662490,"Rodeo CDP, California",70227,11886
1600000US0662496,662496,"Rodriguez Camp CDP, California",-,**
1600000US0662546,662546,"Rohnert Park city, California",60333,3065
1600000US0662602,662602,"Rolling Hills city, California",220764,13152
1600000US0662625,662625,"Rolling Hills CDP, California",103026,29067
1600000US0662644,662644,"Rolling Hills Estates city, California",129728,22606
1600000US0662700,662700,"Rollingwood CDP, California",49035,9714
1600000US0662756,662756,"Romoland CDP, California",39123,27371
1600000US0662826,662826,"Rosamond CDP, California",61616,7457
1600000US0662854,662854,"Rosedale CDP, California",115841,14939
1600000US0662860,662860,"Rose Hills CDP, California",117875,29768
1600000US0662868,662868,"Roseland CDP, California",54296,5066
1600000US0662896,662896,"Rosemead city, California",45510,2698
1600000US0662910,662910,"Rosemont CDP, California",58153,2705
1600000US0662938,662938,"Roseville city, California",78446,2305
1600000US0662980,662980,"Ross town, California",199107,46674
1600000US0663050,663050,"Rossmoor CDP, California",114457,9931
1600000US0663106,663106,"Rough and Ready CDP, California",40821,37406
1600000US0663134,663134,"Round Mountain CDP, California",43438,34004
1600000US0663148,663148,"Round Valley CDP, California",54375,12936
1600000US0663168,663168,"Rouse CDP, California",33292,10607
1600000US0663218,663218,"Rowland Heights CDP, California",62348,2978
1600000US0663316,663316,"Running Springs CDP, California",62344,17669
1600000US0663386,663386,"Ruth CDP, California",12917,4966
1600000US0663400,663400,"Rutherford CDP, California",51635,35607
1600000US0664000,664000,"Sacramento city, California",52071,815
1600000US0664140,664140,"St. Helena city, California",85505,6422
1600000US0664210,664210,"Salida CDP, California",71632,6014
1600000US0664224,664224,"Salinas city, California",52338,1888
1600000US0664252,664252,"Salmon Creek CDP, California",-,**
1600000US0664294,664294,"Salton City CDP, California",36274,9624
1600000US0664308,664308,"Salton Sea Beach CDP, California",-,**
1600000US0664392,664392,"Samoa CDP, California",39500,17152
1600000US0664420,664420,"San Andreas CDP, California",41941,6544
1600000US0664434,664434,"San Anselmo town, California",107818,8554
1600000US0664462,664462,"San Antonio Heights CDP, California",88125,10701
1600000US0664476,664476,"San Ardo CDP, California",43281,13646
1600000US0665000,665000,"San Bernardino city, California",38456,1094
1600000US0665028,665028,"San Bruno city, California",89000,2454
1600000US0665042,665042,"San Buenaventura (Ventura) city, California",70541,2962
1600000US0665070,665070,"San Carlos city, California",135220,6427
1600000US0665084,665084,"San Clemente city, California",97210,7038
1600000US0665112,665112,"Sand City city, California",45000,25934
1600000US0666000,666000,"San Diego city, California",68117,745
1600000US0666004,666004,"San Diego Country Estates CDP, California",103920,4577
1600000US0666070,666070,"San Dimas city, California",79081,4746
1600000US0666140,666140,"San Fernando city, California",55734,3486
1600000US0667000,667000,"San Francisco city, California",87701,1447
1600000US0667042,667042,"San Gabriel city, California",54015,3323
1600000US0667056,667056,"Sanger city, California",42771,4178
1600000US0667070,667070,"San Geronimo CDP, California",90556,24420
1600000US0667112,667112,"San Jacinto city, California",48382,2506
1600000US0667126,667126,"San Joaquin city, California",24234,4224
1600000US0668000,668000,"San Jose city, California",90303,1126
1600000US0668014,668014,"San Juan Bautista city, California",59643,8155
1600000US0668028,668028,"San Juan Capistrano city, California",79393,3643
1600000US0668084,668084,"San Leandro city, California",64065,2315
1600000US0668112,668112,"San Lorenzo CDP, California",83288,4048
1600000US0668140,668140,"San Lucas CDP, California",46250,16865
1600000US0668154,668154,"San Luis Obispo city, California",47777,3194
1600000US0668196,668196,"San Marcos city, California",63960,3000
1600000US0668224,668224,"San Marino city, California",139792,14947
1600000US0668238,668238,"San Martin CDP, California",108611,16008
1600000US0668252,668252,"San Mateo city, California",95667,3328
1600000US0668263,668263,"San Miguel CDP (Contra Costa County), California",156591,23666
1600000US0668266,668266,"San Miguel CDP (San Luis Obispo County), California",49464,9971
1600000US0668294,668294,"San Pablo city, California",45503,2584
1600000US0668308,668308,"San Pasqual CDP, California",84125,9631
1600000US0668364,668364,"San Rafael city, California",81360,2787
1600000US0668378,668378,"San Ramon city, California",134188,4960
1600000US0668434,668434,"San Simeon CDP, California",78036,66789
1600000US0669000,669000,"Santa Ana city, California",54062,1040
1600000US0669070,669070,"Santa Barbara city, California",66916,3298
1600000US0669084,669084,"Santa Clara city, California",102533,3134
1600000US0669088,669088,"Santa Clarita city, California",85042,2146
1600000US0669112,669112,"Santa Cruz city, California",62471,3636
1600000US0669154,669154,"Santa Fe Springs city, California",58147,7503
1600000US0669182,669182,"Santa Margarita CDP, California",50083,39881
1600000US0669196,669196,"Santa Maria city, California",51939,2340
1600000US0670000,670000,"Santa Monica city, California",82123,4472
1600000US0670028,670028,"Santa Nella CDP, California",27778,8115
1600000US0670042,670042,"Santa Paula city, California",51549,4367
1600000US0670098,670098,"Santa Rosa city, California",62705,1648
1600000US0670130,670130,"Santa Rosa Valley CDP, California",178400,18034
1600000US0670140,670140,"Santa Susana CDP, California",89010,32139
1600000US0670154,670154,"Santa Venetia CDP, California",86486,8504
1600000US0670182,670182,"Santa Ynez CDP, California",98036,12665
1600000US0670224,670224,"Santee city, California",77460,3325
1600000US0670266,670266,"Saranap CDP, California",118906,9619
1600000US0670280,670280,"Saratoga city, California",169579,8349
1600000US0670322,670322,"Saticoy CDP, California",60361,7111
1600000US0670336,670336,"Sattley CDP, California",-,**
1600000US0670364,670364,"Sausalito city, California",116325,21624
1600000US0670518,670518,"Scotia CDP, California",44063,15312
1600000US0670588,670588,"Scotts Valley city, California",104150,6421
1600000US0670644,670644,"Seacliff CDP, California",65196,3227
1600000US0670686,670686,"Seal Beach city, California",60222,4847
1600000US0670712,670712,"Sea Ranch CDP, California",77759,15107
1600000US0670728,670728,"Searles Valley CDP, California",37344,10140
1600000US0670742,670742,"Seaside city, California",53406,4113
1600000US0670770,670770,"Sebastopol city, California",58036,13275
1600000US0670798,670798,"Seeley CDP, California",24083,5748
1600000US0670882,670882,"Selma city, California",41086,2751
1600000US0670966,670966,"Sequoia Crest CDP, California",-,**
1600000US0671000,671000,"Sereno del Mar CDP, California",-,**
1600000US0671078,671078,"Seville CDP, California",23000,8973
1600000US0671106,671106,"Shafter city, California",41085,2946
1600000US0671134,671134,"Shandon CDP, California",58750,13487
1600000US0671218,671218,"Shasta CDP, California",56689,9162
1600000US0671225,671225,"Shasta Lake city, California",46150,3981
1600000US0671246,671246,"Shaver Lake CDP, California",68333,25218
1600000US0671362,671362,"Shell Ridge CDP, California",153333,100391
1600000US0671372,671372,"Shelter Cove CDP, California",-,**
1600000US0671414,671414,"Sheridan CDP, California",52292,34264
1600000US0671554,671554,"Shingle Springs CDP, California",80000,6778
1600000US0671568,671568,"Shingletown CDP, California",40441,8793
1600000US0671680,671680,"Shoshone CDP, California",-,**
1600000US0671774,671774,"Sierra Brooks CDP, California",48935,36413
1600000US0671778,671778,"Sierra City CDP, California",169000,31661
1600000US0671806,671806,"Sierra Madre city, California",95256,8174
1600000US0671834,671834,"Sierra Village CDP, California",44828,17861
1600000US0671848,671848,"Sierraville CDP, California",-,**
1600000US0671876,671876,"Signal Hill city, California",70286,7918
1600000US0671927,671927,"Silverado Resort CDP, California",170161,14914
1600000US0671932,671932,"Silver City CDP, California",-,**
1600000US0671964,671964,"Silver Lakes CDP, California",72591,18812
1600000US0672016,672016,"Simi Valley city, California",91196,1867
1600000US0672086,672086,"Sisquoc CDP, California",46563,20752
1600000US0672156,672156,"Sky Valley CDP, California",39183,13036
1600000US0672184,672184,"Sleepy Hollow CDP, California",208452,77110
1600000US0672282,672282,"Smartsville CDP, California",25227,3485
1600000US0672338,672338,"Smith Corner CDP, California",40921,5316
1600000US0672380,672380,"Smith River CDP, California",43707,19493
1600000US0672408,672408,"Snelling CDP, California",49844,26794
1600000US0672478,672478,"Soda Bay CDP, California",59635,31215
1600000US0672492,672492,"Soda Springs CDP, California",-,**
1600000US0672506,672506,"Solana Beach city, California",100352,10978
1600000US0672520,672520,"Soledad city, California",54878,10775
1600000US0672576,672576,"Solvang city, California",69261,5289
1600000US0672646,672646,"Sonoma city, California",71209,5562
1600000US0672674,672674,"Sonora city, California",37589,6669
1600000US0672688,672688,"Soquel CDP, California",77652,10242
1600000US0672772,672772,"Soulsbyville CDP, California",68304,17382
1600000US0672954,672954,"South Dos Palos CDP, California",41992,9160
1600000US0672996,672996,"South El Monte city, California",42460,2995
1600000US0673080,673080,"South Gate city, California",45522,1729
1600000US0673108,673108,"South Lake Tahoe city, California",42401,3579
1600000US0673167,673167,"South Monrovia Island CDP, California",58507,4643
1600000US0673178,673178,"South Oroville CDP, California",35958,7475
1600000US0673220,673220,"South Pasadena city, California",84593,6690
1600000US0673262,673262,"South San Francisco city, California",85076,4230
1600000US0673276,673276,"South San Gabriel CDP, California",64028,14383
1600000US0673290,673290,"South San Jose Hills CDP, California",55692,5293
1600000US0673388,673388,"South Taft CDP, California",40625,10093
1600000US0673430,673430,"South Whittier CDP, California",62799,1803
1600000US0673554,673554,"Spaulding CDP, California",46071,25819
1600000US0673612,673612,"Spreckels CDP, California",89250,27232
1600000US0673654,673654,"Spring Garden CDP, California",-,**
1600000US0673690,673690,"Spring Valley CDP (Lake County), California",26833,6438
1600000US0673696,673696,"Spring Valley CDP (San Diego County), California",60600,2225
1600000US0673700,673700,"Spring Valley Lake CDP, California",77529,13680
1600000US0673710,673710,"Springville CDP, California",29423,10955
1600000US0673794,673794,"Squaw Valley CDP, California",64591,6785
1600000US0673815,673815,"Squirrel Mountain Valley CDP, California",49808,33244
1600000US0673868,673868,"Stallion Springs CDP, California",68225,13135
1600000US0673906,673906,"Stanford CDP, California",52208,14238
1600000US0673962,673962,"Stanton city, California",48332,2282
1600000US0674130,674130,"Stevenson Ranch CDP, California",121802,10716
1600000US0674144,674144,"Stevinson CDP, California",-,**
1600000US0674172,674172,"Stinson Beach CDP, California",109559,28737
1600000US0674186,674186,"Stirling City CDP, California",-,**
1600000US0675000,675000,"Stockton city, California",46033,1142
1600000US0675154,675154,"Stonyford CDP, California",40156,19734
1600000US0675168,675168,"Storrie CDP, California",-,**
1600000US0675252,675252,"Stratford CDP, California",24167,12988
1600000US0675280,675280,"Strathmore CDP, California",25288,4622
1600000US0675315,675315,"Strawberry CDP (Marin County), California",94650,18588
1600000US0675322,675322,"Strawberry CDP (Tuolumne County), California",-,**
1600000US0675588,675588,"Sugarloaf Mountain Park CDP, California",-,**
1600000US0675592,675592,"Sugarloaf Saw Mill CDP, California",-,**
1600000US0675596,675596,"Sugarloaf Village CDP, California",-,**
1600000US0675630,675630,"Suisun City city, California",71563,4724
1600000US0675672,675672,"Sultana CDP, California",25486,10427
1600000US0675714,675714,"Summerland CDP, California",72071,14805
1600000US0675994,675994,"Sunnyside CDP, California",66591,17154
1600000US0676015,676015,"Sunnyside-Tahoe City CDP, California",70347,23906
1600000US0676040,676040,"Sunny Slopes CDP, California",60577,16806
1600000US0677000,677000,"Sunnyvale city, California",109799,3401
1600000US0677042,677042,"Sunol CDP, California",90682,23805
1600000US0677308,677308,"Sun Village CDP, California",44151,9997
1600000US0677364,677364,"Susanville city, California",46863,5360
1600000US0677378,677378,"Sutter CDP, California",76618,17195
1600000US0677392,677392,"Sutter Creek city, California",48814,8440
1600000US0677430,677430,"Swall Meadows CDP, California",91250,58405
1600000US0677574,677574,"Taft city, California",49844,7210
1600000US0677588,677588,"Taft Heights CDP, California",43945,31197
1600000US0677595,677595,"Taft Mosswood CDP, California",31563,23927
1600000US0677700,677700,"Tahoe Vista CDP, California",52500,15041
1600000US0677728,677728,"Tahoma CDP, California",52981,17563
1600000US0677784,677784,"Talmage CDP, California",69375,23814
1600000US0677805,677805,"Tamalpais-Homestead Valley CDP, California",142688,11163
1600000US0677924,677924,"Tara Hills CDP, California",63125,14963
1600000US0677960,677960,"Tarpey Village CDP, California",52632,13715
1600000US0678008,678008,"Taylorsville CDP, California",95417,46207
1600000US0678050,678050,"Tecopa CDP, California",-,**
1600000US0678092,678092,"Tehachapi city, California",42961,8258
1600000US0678106,678106,"Tehama city, California",45000,14850
1600000US0678120,678120,"Temecula city, California",83840,3446
1600000US0678126,678126,"Temelec CDP, California",40391,12383
1600000US0678138,678138,"Temescal Valley CDP, California",90332,6741
1600000US0678148,678148,"Temple City city, California",63756,4617
1600000US0678162,678162,"Templeton CDP, California",65865,6062
1600000US0678176,678176,"Tennant CDP, California",-,**
1600000US0678232,678232,"Terminous CDP, California",44808,16069
1600000US0678288,678288,"Terra Bella CDP, California",32700,13500
1600000US0678336,678336,"Teviston CDP, California",25429,6948
1600000US0678456,678456,"Thermal CDP, California",28443,6067
1600000US0678470,678470,"Thermalito CDP, California",32250,4880
1600000US0678568,678568,"Thornton CDP, California",34531,5648
1600000US0678582,678582,"Thousand Oaks city, California",101045,1711
1600000US0678596,678596,"Thousand Palms CDP, California",43207,5707
1600000US0678638,678638,"Three Rivers CDP, California",58750,9993
1600000US0678652,678652,"Three Rocks CDP, California",35789,30300
1600000US0678666,678666,"Tiburon town, California",149510,12803
1600000US0678715,678715,"Timber Cove CDP, California",52292,13712
1600000US0678750,678750,"Tipton CDP, California",32895,5069
1600000US0678792,678792,"Tobin CDP, California",-,**
1600000US0678890,678890,"Tomales CDP, California",101488,70728
1600000US0678932,678932,"Tonyville CDP, California",48281,45758
1600000US0678949,678949,"Tooleville CDP, California",28527,12575
1600000US0678960,678960,"Topanga CDP, California",118561,9434
1600000US0679030,679030,"Topaz CDP, California",-,**
1600000US0679529,679529,"Toro Canyon CDP, California",91125,40429
1600000US0680000,680000,"Torrance city, California",80862,2105
1600000US0680238,680238,"Tracy city, California",81022,2995
1600000US0680266,680266,"Tranquillity CDP, California",30441,10031
1600000US0680280,680280,"Traver CDP, California",31094,11174
1600000US0680364,680364,"Tres Pinos CDP, California",75313,23898
1600000US0680448,680448,"Trinidad city, California",47031,15226
1600000US0680476,680476,"Trinity Center CDP, California",31964,21432
1600000US0680483,680483,"Trinity Village CDP, California",33036,10004
1600000US0680515,680515,"Trona CDP, California",-,**
1600000US0680560,680560,"Trowbridge CDP, California",65938,39952
1600000US0680588,680588,"Truckee town, California",79971,10320
1600000US0680644,680644,"Tulare city, California",47196,1979
1600000US0680686,680686,"Tulelake city, California",31094,5099
1600000US0680763,680763,"Tuolumne City CDP, California",25188,14781
1600000US0680784,680784,"Tupman CDP, California",35833,24941
1600000US0680812,680812,"Turlock city, California",51555,1736
1600000US0680854,680854,"Tustin city, California",70822,3034
1600000US0680882,680882,"Tuttle CDP, California",-,**
1600000US0680896,680896,"Tuttletown CDP, California",-,**
1600000US0680952,680952,"Twain CDP, California",-,**
1600000US0680966,680966,"Twain Harte CDP, California",48603,8215
1600000US0680994,680994,"Twentynine Palms city, California",40888,2831
1600000US0681050,681050,"Twin Lakes CDP, California",51446,12761
1600000US0681134,681134,"Ukiah city, California",38686,5579
1600000US0681204,681204,"Union City city, California",91629,2939
1600000US0681302,681302,"University of California-Davis CDP, California",19677,15465
1600000US0681312,681312,"University of California-Merced CDP, California",-,**
1600000US0681344,681344,"Upland city, California",62369,1901
1600000US0681358,681358,"Upper Lake CDP, California",38125,23900
1600000US0681554,681554,"Vacaville city, California",76188,2100
1600000US0681638,681638,"Valinda CDP, California",68659,4914
1600000US0681652,681652,"Vallecito CDP, California",-,**
1600000US0681666,681666,"Vallejo city, California",59600,1917
1600000US0681708,681708,"Valle Vista CDP, California",42305,2539
1600000US0681722,681722,"Valley Acres CDP, California",44583,19482
1600000US0681736,681736,"Valley Center CDP, California",83730,5658
1600000US0681778,681778,"Valley Ford CDP, California",-,**
1600000US0681792,681792,"Valley Home CDP, California",49375,47375
1600000US0681869,681869,"Valley Ranch CDP, California",-,**
1600000US0681890,681890,"Valley Springs CDP, California",61976,16085
1600000US0681925,681925,"Valley Wells CDP, California",-,**
1600000US0681967,681967,"Val Verde CDP, California",73220,7841
1600000US0682072,682072,"Vandenberg AFB CDP, California",62018,5570
1600000US0682086,682086,"Vandenberg Village CDP, California",77406,8150
1600000US0682334,682334,"Verdi CDP, California",-,**
1600000US0682422,682422,"Vernon city, California",38333,32810
1600000US0682562,682562,"Victor CDP, California",-,**
1600000US0682590,682590,"Victorville city, California",45895,2862
1600000US0682667,682667,"View Park-Windsor Hills CDP, California",86571,11920
1600000US0682744,682744,"Villa Park city, California",131386,13226
1600000US0682786,682786,"Vina CDP, California",30357,13743
1600000US0682815,682815,"Vincent CDP, California",77817,7539
1600000US0682842,682842,"Vine Hill CDP, California",71786,13823
1600000US0682852,682852,"Vineyard CDP, California",80678,3518
1600000US0682954,682954,"Visalia city, California",52099,2409
1600000US0682996,682996,"Vista city, California",54203,2014
1600000US0683085,683085,"Vista Santa Rosa CDP, California",48125,20503
1600000US0683094,683094,"Volcano CDP, California",-,**
1600000US0683108,683108,"Volta CDP, California",87762,45989
1600000US0683262,683262,"Walker CDP, California",45119,21564
1600000US0683304,683304,"Wallace CDP, California",119196,60128
1600000US0683332,683332,"Walnut city, California",97345,4860
1600000US0683346,683346,"Walnut Creek city, California",82848,3847
1600000US0683374,683374,"Walnut Grove CDP, California",53634,21425
1600000US0683402,683402,"Walnut Park CDP, California",43500,3915
1600000US0683460,683460,"Warm Springs CDP, California",63565,28575
1600000US0683494,683494,"Warner Valley CDP, California",-,**
1600000US0683542,683542,"Wasco city, California",39559,3762
1600000US0683570,683570,"Washington CDP, California",-,**
1600000US0683612,683612,"Waterford city, California",49500,7444
1600000US0683626,683626,"Waterloo CDP, California",110774,20587
1600000US0683668,683668,"Watsonville city, California",49487,2763
1600000US0683724,683724,"Waukena CDP, California",-,**
1600000US0683766,683766,"Wawona CDP, California",34886,26236
1600000US0683794,683794,"Weaverville CDP, California",37500,11222
1600000US0683850,683850,"Weed city, California",29427,4703
1600000US0683863,683863,"Weedpatch CDP, California",28451,2508
1600000US0683948,683948,"Weldon CDP, California",33333,9416
1600000US0684004,684004,"Weott CDP, California",32386,30929
1600000US0684116,684116,"West Athens CDP, California",40756,6713
1600000US0684120,684120,"West Bishop CDP, California",89917,11642
1600000US0684144,684144,"West Carson CDP, California",67562,5374
1600000US0684200,684200,"West Covina city, California",71217,2323
1600000US0684345,684345,"West Goshen CDP, California",25335,6897
1600000US0684385,684385,"Westhaven-Moonstone CDP, California",54138,7074
1600000US0684410,684410,"West Hollywood city, California",61127,5172
1600000US0684438,684438,"Westlake Village city, California",130272,12012
1600000US0684480,684480,"Westley CDP, California",23375,9837
1600000US0684536,684536,"West Menlo Park CDP, California",180192,35013
1600000US0684550,684550,"Westminster city, California",55287,2427
1600000US0684578,684578,"West Modesto CDP, California",30682,4812
1600000US0684592,684592,"Westmont CDP, California",29262,2963
1600000US0684606,684606,"Westmorland city, California",27083,14250
1600000US0684680,684680,"West Park CDP, California",45526,6010
1600000US0684732,684732,"West Point CDP, California",24922,8115
1600000US0684774,684774,"West Puente Valley CDP, California",66532,5965
1600000US0684780,684780,"West Rancho Dominguez CDP, California",52676,4657
1600000US0684816,684816,"West Sacramento city, California",57023,2692
1600000US0684863,684863,"Westside CDP, California",41563,17807
1600000US0684921,684921,"West Whittier-Los Nietos CDP, California",64943,5372
1600000US0684928,684928,"Westwood CDP, California",34750,12073
1600000US0685012,685012,"Wheatland city, California",65696,5192
1600000US0685086,685086,"Whitehawk CDP, California",77188,25182
1600000US0685208,685208,"Whitewater CDP, California",35145,10041
1600000US0685222,685222,"Whitley Gardens CDP, California",88083,24641
1600000US0685292,685292,"Whittier city, California",67431,2321
1600000US0685446,685446,"Wildomar city, California",62976,3198
1600000US0685551,685551,"Wilkerson CDP, California",75875,5264
1600000US0685586,685586,"Williams city, California",55900,4708
1600000US0685600,685600,"Willits city, California",29489,8479
1600000US0685614,685614,"Willowbrook CDP, California",38070,4607
1600000US0685642,685642,"Willow Creek CDP, California",31620,19887
1600000US0685684,685684,"Willows city, California",39038,13378
1600000US0685866,685866,"Wilsonia CDP, California",-,**
1600000US0685880,685880,"Wilton CDP, California",86856,13506
1600000US0685894,685894,"Winchester CDP, California",37740,17639
1600000US0685922,685922,"Windsor town, California",86192,4345
1600000US0685992,685992,"Winter Gardens CDP, California",61208,3111
1600000US0686020,686020,"Winterhaven CDP, California",22835,2317
1600000US0686034,686034,"Winters city, California",67229,13616
1600000US0686076,686076,"Winton CDP, California",41486,2960
1600000US0686174,686174,"Wofford Heights CDP, California",34167,21901
1600000US0686216,686216,"Woodacre CDP, California",90824,46055
1600000US0686230,686230,"Woodbridge CDP, California",75466,11516
1600000US0686244,686244,"Woodcrest CDP, California",88133,6952
1600000US0686300,686300,"Woodlake city, California",34583,7504
1600000US0686328,686328,"Woodland city, California",56956,2585
1600000US0686380,686380,"Woodlands CDP, California",140188,27721
1600000US0686440,686440,"Woodside town, California",223934,27203
1600000US0686482,686482,"Woodville CDP, California",31375,6439
1600000US0686594,686594,"Wrightwood CDP, California",60272,16192
1600000US0686678,686678,"Yankee Hill CDP, California",43333,16232
1600000US0686734,686734,"Yettem CDP, California",-,**
1600000US0686804,686804,"Yolo CDP, California",75792,11754
1600000US0686832,686832,"Yorba Linda city, California",119697,4478
1600000US0686878,686878,"Yosemite Lakes CDP, California",58430,3224
1600000US0686912,686912,"Yosemite Valley CDP, California",37132,11239
1600000US0686930,686930,"Yountville city, California",72194,6122
1600000US0686944,686944,"Yreka city, California",30202,4510
1600000US0686972,686972,"Yuba City city, California",50788,2053
1600000US0687042,687042,"Yucaipa city, California",55700,3879
1600000US0687056,687056,"Yucca Valley town, California",41569,4511
1600000US0687090,687090,"Zayante CDP, California",94432,13401